rate_id,contractor_id_snap,contractor_name_snap,project_id_snap,project_name_snap,labor_code,labor_description,unit,unit_rate,effective_date,expiration_date,active,supersedes_rate_id,status,notes
RATE-000001,CON-0001,River City Communications,,,AFO,Placing self-support fiber (ADSS) Aerial on Distribution Wood and Steel Poles. *,FT,1.85,2026-01-01,,yes,,ACTIVE,Loaded from River_City_Rates.xlsx
RATE-000002,CON-0001,River City Communications,,,AFO.B,Placing self-support fiber (ADSS) Aerial on Distribution Wood and Steel Poles attaching hardware by banding to pole. *,FT,1.95,2026-01-01,,yes,,ACTIVE,Loaded from River_City_Rates.xlsx
RATE-000003,CON-0001,River City Communications,,,AFO.T,Placing self-support fiber (ADSS) Aerial on Transmission Wood & Steel Structures. *,FT,1.85,2026-01-01,,yes,,ACTIVE,Loaded from River_City_Rates.xlsx
RATE-000004,CON-0001,River City Communications,,,AFO.TC,Placing self-support fiber (ADSS) Aerial on Transmission Concrete Structures. Poles will require banding. *,FT,1.95,2026-01-01,,yes,,ACTIVE,Loaded from River_City_Rates.xlsx
RATE-000005,CON-0001,River City Communications,,,AFO.RTD,Placing MST/RTD Aerial Fiber* Pricing is actual tail footage installed from recorded tic marks and includes mounting for anything over 1500ft MST/RTD.,FT,1.25,2026-01-01,,yes,,ACTIVE,Loaded from River_City_Rates.xlsx
RATE-000006,CON-0001,River City Communications,,,AFO.RESAG,Resag Fiber Per Span (Prior Approval Required),EA,65,2026-01-01,,yes,,ACTIVE,Loaded from River_City_Rates.xlsx
RATE-000007,CON-0001,River City Communications,,,AFO.S,install Slack Coils or Snowshoes,EA,75,2026-01-01,,yes,,ACTIVE,Loaded from River_City_Rates.xlsx
RATE-000008,CON-0001,River City Communications,,,AFO.CO ML,Install Slack Coil/Snowshoe Fiber and Mount Splice Enclosures.,EA,100,2026-01-01,,yes,,ACTIVE,Loaded from River_City_Rates.xlsx
RATE-000009,CON-0001,River City Communications,,,AFO.TRAN1,Pole Transfers (Moving Existing Fiber from Pole to Pole),EA,125,2026-01-01,,yes,,ACTIVE,Loaded from River_City_Rates.xlsx
RATE-000010,CON-0001,River City Communications,,,AFO.TRAN2,Pole Transfers (Moving Existing Fiber up or down the same pole),EA,55,2026-01-01,,yes,,ACTIVE,Loaded from River_City_Rates.xlsx
RATE-000011,CON-0001,River City Communications,,,FLAG,Flagging Traffic(Outside normal conditions with prior approval),HR,175,2026-01-01,,yes,,ACTIVE,Loaded from River_City_Rates.xlsx
RATE-000012,CON-0001,River City Communications,,,AFO.SL,Placing Strand & Lash Fiber on Distribution Wood and Steel Poles.*,FT,2.25,2026-01-01,,yes,,ACTIVE,Loaded from River_City_Rates.xlsx
RATE-000013,CON-0001,River City Communications,,,AFO.GAA,Place Screw Anchor With Down Guy,EA,85,2026-01-01,,yes,,ACTIVE,Loaded from River_City_Rates.xlsx
RATE-000014,CON-0001,River City Communications,,,AFO.GG,Install Down Guy With Guy Guard,EA,45,2026-01-01,,yes,,ACTIVE,Loaded from River_City_Rates.xlsx
RATE-000015,CON-0001,River City Communications,,,AFO.EYE,Install Auxilliary Eye,EA,35,2026-01-01,,yes,,ACTIVE,Loaded from River_City_Rates.xlsx
RATE-000016,CON-0001,River City Communications,,,AFO.BOND,Aerial Bond (When Needed),EA,7,2026-01-01,,yes,,ACTIVE,Loaded from River_City_Rates.xlsx
RATE-000017,CON-0001,River City Communications,,,AFO.OLASH,Overlash Fiber,FT,1.2,2026-01-01,,yes,,ACTIVE,Loaded from River_City_Rates.xlsx
RATE-000018,CON-0001,River City Communications,,,AFO.RELASH,Delash/Relash,FT,1.3,2026-01-01,,yes,,ACTIVE,Loaded from River_City_Rates.xlsx
RATE-000019,CON-0001,River City Communications,,,AFO SL Strand,Strand Only,FT,1.1000000000000001,2026-01-01,,yes,,ACTIVE,Loaded from River_City_Rates.xlsx
RATE-000020,CON-0001,River City Communications,,,BHF-10,"Labor only to install 10x15x12 drop vault / Labor only to install 10"" Fiber Storage. (Flower Pot)",EA,55,2026-01-01,,yes,,ACTIVE,Loaded from River_City_Rates.xlsx
RATE-000021,CON-0001,River City Communications,,,BHF-17T,Labor only to install small handholle. Size 17x30x24 Tier 22 Traffic rated.,EA,250,2026-01-01,,yes,,ACTIVE,Loaded from River_City_Rates.xlsx
RATE-000022,CON-0001,River City Communications,,,BHF-30T,Labor only to install 24x3 x3 Tier 22 Traffic rated.,EA,250,2026-01-01,,yes,,ACTIVE,Loaded from River_City_Rates.xlsx
RATE-000023,CON-0001,River City Communications,,,BHF-48T,Labor only to install 30x48x3 Tier 22 Traffic rated.,EA,400,2026-01-01,,yes,,ACTIVE,Loaded from River_City_Rates.xlsx
RATE-000024,CON-0001,River City Communications,,,BHF-60T,"Labor only to install 30""<VAULT 60"" Tier 22 Traffic rated.",EA,475,2026-01-01,,yes,,ACTIVE,Loaded from River_City_Rates.xlsx
RATE-000025,CON-0001,River City Communications,,,BDO-SC144,"Labor to install 30""<VAULT 48"" Tier 22 Traffic rated and mount 144 cabinet",EA,550,2026-01-01,,yes,,ACTIVE,Loaded from River_City_Rates.xlsx
RATE-000026,CON-0001,River City Communications,,,BDO-SC288,"Labor to install 30""<VAULT 48"" Tier 22 Traffic rated and mount 288 cabinet",EA,550,2026-01-01,,yes,,ACTIVE,Loaded from River_City_Rates.xlsx
RATE-000027,CON-0001,River City Communications,,,BDO-SC432,"Labor to install 30""<VAULT 60"" Tier 22 Traffic rated and mount 432 cabinet",EA,650,2026-01-01,,yes,,ACTIVE,Loaded from River_City_Rates.xlsx
RATE-000028,CON-0001,River City Communications,,,BDO-SC576,"Labor to install 30""<VAULT 60"" Tier 22 Traffic rated and mount 576 cabinet",EA,750,2026-01-01,,yes,,ACTIVE,Loaded from River_City_Rates.xlsx
RATE-000029,CON-0001,River City Communications,,,BM60(MICRO),Labor to place a vacant M CRO conduit inside an existing larger conduit.,FT,1.25,2026-01-01,,yes,,ACTIVE,Loaded from River_City_Rates.xlsx
RATE-000030,CON-0001,River City Communications,,,BM60(1)(1.25),"Labor to place a vacant 1.25"" conduit inside an existing larger conduit.",FT,1.25,2026-01-01,,yes,,ACTIVE,Loaded from River_City_Rates.xlsx
RATE-000031,CON-0001,River City Communications,,,BM60(1)(0.75) T,"Labor to place one (1) vacant 3/4"" conduit via the open trench method. Min depth to be 3 "" to 42"".",FT,6,2026-01-01,,yes,,ACTIVE,Loaded from River_City_Rates.xlsx
RATE-000032,CON-0001,River City Communications,,,BM60(1)(1.25) T,"Labor to place one (1) vacant 1.25"" conduit via the open trench method. Min depth to be 3 "" to 42"".",FT,6,2026-01-01,,yes,,ACTIVE,Loaded from River_City_Rates.xlsx
RATE-000033,CON-0001,River City Communications,,,BM60(1)(2) T,"Labor to place one (1) vacant 2"" conduits via the open trench method. Min depth to be 3 "" to 42"".",FT,7.05,2026-01-01,,yes,,ACTIVE,Loaded from River_City_Rates.xlsx
RATE-000034,CON-0001,River City Communications,,,BM60(1)(4) T,"Labor to place one (1) vacant 4"" conduits via the open trench method. Min depth to be 3 "" to 42"".",FT,7.5,2026-01-01,,yes,,ACTIVE,Loaded from River_City_Rates.xlsx
RATE-000035,CON-0001,River City Communications,,,BM60(2)(1.25) T,"Labor to place two (2) vacant 1.25"" conduits via the open trench method. Min depth to be 3 "" to 42"".",FT,7.7,2026-01-01,,yes,,ACTIVE,Loaded from River_City_Rates.xlsx
RATE-000036,CON-0001,River City Communications,,,BM60(2)(2) T,"Labor to place two (2) vacant 2"" conduits via the open trench method. Min depth to be 3 "" to 42"".",FT,8.0500000000000007,2026-01-01,,yes,,ACTIVE,Loaded from River_City_Rates.xlsx
RATE-000037,CON-0001,River City Communications,,,BM60(2)(4) T,"Labor to place two (2) vacant 4"" conduits via the open trench method. Min depth to be 3 "" to 42"".",FT,11.8,2026-01-01,,yes,,ACTIVE,Loaded from River_City_Rates.xlsx
RATE-000038,CON-0001,River City Communications,,,BM60(3)(1.25) T,"Labor to place three (3) vacant 1.25"" conduits via the open trench method. Min depth to be 3 "" to 42"".",FT,9.4,2026-01-01,,yes,,ACTIVE,Loaded from River_City_Rates.xlsx
RATE-000039,CON-0001,River City Communications,,,BM60(3)(2) T,"Labor to place three (3) vacant 2"" conduits via the open trench method. Min depth to be 3 "" to 42"".",FT,9.15,2026-01-01,,yes,,ACTIVE,Loaded from River_City_Rates.xlsx
RATE-000040,CON-0001,River City Communications,,,BM60(3)(4) T,"Labor to place three (3) vacant 4"" conduits via the open trench method. Min depth to be 3 "" to 42"".",FT,15.95,2026-01-01,,yes,,ACTIVE,Loaded from River_City_Rates.xlsx
RATE-000041,CON-0001,River City Communications,,,BM60(1)(1.25) TD,"Labor to place one (1) vacant 1.25"" conduit dual (joint trench) with another conduit or cable via the open trench method.",FT,3,2026-01-01,,yes,,ACTIVE,Loaded from River_City_Rates.xlsx
RATE-000042,CON-0001,River City Communications,,,BM60(1)(2) TD,"Labor to place one (1) vacant 2"" conduit dual(joint trench) with another conduit or cable via the open trench method.",FT,3,2026-01-01,,yes,,ACTIVE,Loaded from River_City_Rates.xlsx
RATE-000043,CON-0001,River City Communications,,,BM60(1)(4) TD,"Labor to place one (1) vacant 4"" conduit dual(joint trench) with another conduit or cable via the open trench method.",FT,4.8499999999999996,2026-01-01,,yes,,ACTIVE,Loaded from River_City_Rates.xlsx
RATE-000044,CON-0001,River City Communications,,,BM60(2)(1.25) TD,"Labor to place two (2) vacant 1.25"" conduit dual(joint trench) with another conduit or cable via the open trench method.",FT,3.25,2026-01-01,,yes,,ACTIVE,Loaded from River_City_Rates.xlsx
RATE-000045,CON-0001,River City Communications,,,BM60(2)(2) TD,"Labor to place two (2) vacant 2"" conduit dual(joint trench) with another conduit or cable via the open trench method.",FT,4,2026-01-01,,yes,,ACTIVE,Loaded from River_City_Rates.xlsx
RATE-000046,CON-0001,River City Communications,,,BM60(2)(4) TD,"Labor to place two (2) vacant 4"" conduit dual(joint trench) with another conduit or cable via the open trench method.",FT,9.4499999999999993,2026-01-01,,yes,,ACTIVE,Loaded from River_City_Rates.xlsx
RATE-000047,CON-0001,River City Communications,,,BM60(3)(1.25) TD,"Labor to place three (3) vacant 1.25"" conduit dual(joint trench) with another conduit or cable via the open trench method.",FT,4,2026-01-01,,yes,,ACTIVE,Loaded from River_City_Rates.xlsx
RATE-000048,CON-0001,River City Communications,,,BM60(3)(2) TD,"Labor to place three (3) vacant 2"" conduit dual(joint trench) with another conduit or cable via the open trench method.",FT,5.45,2026-01-01,,yes,,ACTIVE,Loaded from River_City_Rates.xlsx
RATE-000049,CON-0001,River City Communications,,,BM60(3)(4) TD,"Labor to place three (3) vacant 1.25"" conduit dual(joint trench) with another conduit or cable via the open trench method.",FT,4,2026-01-01,,yes,,ACTIVE,Loaded from River_City_Rates.xlsx
RATE-000050,CON-0001,River City Communications,,,BM60(1)(0.75) P,"""Labor to place one (1) vacant 3/4"""" (non-drop) conduit via",FT,3.25,2026-01-01,,yes,,ACTIVE,Loaded from River_City_Rates.xlsx
RATE-000051,CON-0001,River City Communications,,,BM60(1)(1.25) P,"the plow method Min depth to be 36"""" to 42"""" """,FT,3.25,2026-01-01,,yes,,ACTIVE,Loaded from River_City_Rates.xlsx
RATE-000052,CON-0001,River City Communications,,,BM60(1)(2) P,"""Labor to place one (1) vacant 1 2 """" conduit via the plow",FT,3.35,2026-01-01,,yes,,ACTIVE,Loaded from River_City_Rates.xlsx
RATE-000053,CON-0001,River City Communications,,,BM60(1)(4) P,"method Min depth to be 36"""" to 42"""" """,FT,6.5,2026-01-01,,yes,,ACTIVE,Loaded from River_City_Rates.xlsx
RATE-000054,CON-0001,River City Communications,,,BM60(2)(1.25) P,"""Labor to place one (1) vacant 2"""" conduits via the plow",FT,3.4,2026-01-01,,yes,,ACTIVE,Loaded from River_City_Rates.xlsx
RATE-000055,CON-0001,River City Communications,,,BM60(2)(2) P,"method Min depth to be 36"""" to 42"""" """,FT,4.75,2026-01-01,,yes,,ACTIVE,Loaded from River_City_Rates.xlsx
RATE-000056,CON-0001,River City Communications,,,BM60(3)(1.25) P,"""Labor to place one (1) vacant 4"""" conduits via the plow",FT,3.45,2026-01-01,,yes,,ACTIVE,Loaded from River_City_Rates.xlsx
RATE-000057,CON-0001,River City Communications,,,BFO.12.I,Install a buried fiber optic cable containing 12 fibers in conduit.,FT,1.5,2026-01-01,,yes,,ACTIVE,Loaded from River_City_Rates.xlsx
RATE-000058,CON-0001,River City Communications,,,BFO.48.I,Install a buried fiber optic cable containing 48 fibers in conduit.,FT,1.5,2026-01-01,,yes,,ACTIVE,Loaded from River_City_Rates.xlsx
RATE-000059,CON-0001,River City Communications,,,BFO.72.I,Install a buried fiber optic cable containing 72 fibers in conduit.,FT,1.5,2026-01-01,,yes,,ACTIVE,Loaded from River_City_Rates.xlsx
RATE-000060,CON-0001,River City Communications,,,BFO.144.I,Install a buried fiber optic cable containing 144 fibers in conduit.,FT,1.65,2026-01-01,,yes,,ACTIVE,Loaded from River_City_Rates.xlsx
RATE-000061,CON-0001,River City Communications,,,BFO.288.I,Install a buried fiber optic cable containing 288 fibers in conduit.,FT,1.65,2026-01-01,,yes,,ACTIVE,Loaded from River_City_Rates.xlsx
RATE-000062,CON-0001,River City Communications,,,BFO.HST.150,HST 150 FT-Pricing is lump sum and includes mountin the head in pedestal,EA,300,2026-01-01,,yes,,ACTIVE,Loaded from River_City_Rates.xlsx
RATE-000063,CON-0001,River City Communications,,,BFO.HST.250,HST 250 FT-Pricing is lump sum and includes mountin the head in pedestal,EA,375,2026-01-01,,yes,,ACTIVE,Loaded from River_City_Rates.xlsx
RATE-000064,CON-0001,River City Communications,,,BFO.HST.350,HST 350 FT-Pricing is lump sum and includes mountin the head in pedestal,EA,490,2026-01-01,,yes,,ACTIVE,Loaded from River_City_Rates.xlsx
RATE-000065,CON-0001,River City Communications,,,BFO.HST.500,HST 500 FT-Pricing is lump sum and includes mountin the head in pedestal,EA,625,2026-01-01,,yes,,ACTIVE,Loaded from River_City_Rates.xlsx
RATE-000066,CON-0001,River City Communications,,,BFO.HST.750,HST 750 FT-Pricing is lump sum and includes mountin the head in pedestal,EA,937.5,2026-01-01,,yes,,ACTIVE,Loaded from River_City_Rates.xlsx
RATE-000067,CON-0001,River City Communications,,,BFO.HST.1000,HST 1000 FT-Pricing is lump sum and includes mountin the head in pedestal,EA,1250,2026-01-01,,yes,,ACTIVE,Loaded from River_City_Rates.xlsx
RATE-000068,CON-0001,River City Communications,,,BFO.HST.1250,HST 1250 FT-Pricing is lump sum and includes mountin the head in pedestal,EA,1562.5,2026-01-01,,yes,,ACTIVE,Loaded from River_City_Rates.xlsx
RATE-000069,CON-0001,River City Communications,,,BFO.HST.1500,HST 1500 FT-Pricing is lump sum and includes mountin the head in pedestal,EA,1875,2026-01-01,,yes,,ACTIVE,Loaded from River_City_Rates.xlsx
RATE-000070,CON-0001,River City Communications,,,BFO.12.IE,Install a buried fiber optic cable containing 12 fibers installed in an existing duct placed by others.,FT,1.5,2026-01-01,,yes,,ACTIVE,Loaded from River_City_Rates.xlsx
RATE-000071,CON-0001,River City Communications,,,BFO.48.IE,Install a buried fiber optic cable containing 48 fibers installed in an existing duct placed by others.,FT,1.5,2026-01-01,,yes,,ACTIVE,Loaded from River_City_Rates.xlsx
RATE-000072,CON-0001,River City Communications,,,BFO.72.IE,Install a buried fiber optic cable containing 72 fibers installed in an existing duct placed by others.,FT,1.5,2026-01-01,,yes,,ACTIVE,Loaded from River_City_Rates.xlsx
RATE-000073,CON-0001,River City Communications,,,BFO.144.IE,Install a buried fiber optic cable containing 144 fibers installed in an existing duct placed by others.,FT,1.5,2026-01-01,,yes,,ACTIVE,Loaded from River_City_Rates.xlsx
RATE-000074,CON-0001,River City Communications,,,BFO.288.IE,Install a buried fiber optic cable containing 288 fibers installed in an existing duct placed by others.,FT,1.5,2026-01-01,,yes,,ACTIVE,Loaded from River_City_Rates.xlsx
RATE-000075,CON-0001,River City Communications,,,BFO.RTD.IE,Install buried MST/RTD Fiber in an exiting duct placed by others. Pricing is actual tail footage installed from recorded tic marks and includes mounting MST/RTD.,FT,2,2026-01-01,,yes,,ACTIVE,Loaded from River_City_Rates.xlsx
RATE-000076,CON-0001,River City Communications,,,BM53,Labor to install an above round Fiber markin post,EA,22,2026-01-01,,yes,,ACTIVE,Loaded from River_City_Rates.xlsx
RATE-000077,CON-0001,River City Communications,,,BM55A,"Labor to install a 3M locate disk or locate ball in vaults, on buried splices, or at the ends of pipe",EA,4,2026-01-01,,yes,,ACTIVE,Loaded from River_City_Rates.xlsx
RATE-000078,CON-0001,River City Communications,,,BM60-(7Way)P Micro Duct,"Labor to install a 7 Way Micro Duct conduit bore or road crossing via the missile bore method. Unit consists of digging entry and exit pits, tamping and backfilling.",FT,10,2026-01-01,,yes,,ACTIVE,Loaded from River_City_Rates.xlsx
RATE-000079,CON-0001,River City Communications,,,BM60-(1.25)MB,"Labor to install a 1.25"" conduit bore or road crossing via the missile bore method. Unit consists of digging entry and exit pits, tamping and backfilling.",FT,10,2026-01-01,,yes,,ACTIVE,Loaded from River_City_Rates.xlsx
RATE-000080,CON-0001,River City Communications,,,BM60-(2)MB,"Labor to install a 2"" conduit bore or road crossing via the missile bore method. Unit consists of digging entry and exit pits, tamping and backfilling.",FT,10,2026-01-01,,yes,,ACTIVE,Loaded from River_City_Rates.xlsx
RATE-000081,CON-0001,River City Communications,,,BM60-(4)MB,"Labor to install a 4"" conduit bore or road crossing via the missile bore method. Unit consists of digging entry and exit pits, tamping and backfilling.",FT,14.5,2026-01-01,,yes,,ACTIVE,Loaded from River_City_Rates.xlsx
RATE-000082,CON-0001,River City Communications,,,BM60-(7Way)DP Micro Duct,"Labor to install a 7 Way Micro Duct conduit bore or road crossing via the hydraulic bore rig method. Unit consists of digging entry and exit pits, tamping and backfilling.",FT,10,2026-01-01,,yes,,ACTIVE,Loaded from River_City_Rates.xlsx
RATE-000083,CON-0001,River City Communications,,,BM60(1)(1.25)DP,"Labor to install one (1) 1.25"" conduit bore or road crossing via the hydraulic bore rig method, pulling all pipes back at one time. Unit consists of digging entry and exit pits, tamping and backfilling.",FT,10,2026-01-01,,yes,,ACTIVE,Loaded from River_City_Rates.xlsx
RATE-000084,CON-0001,River City Communications,,,BM60(2)(1.25)DP,"Labor to install two (2) 1.25"" conduit bore or road crossing via the hydraulic bore rig method, pulling all pipes back at one time. Unit consists of digging entry and exit pits, tamping and backfilling.",FT,12,2026-01-01,,yes,,ACTIVE,Loaded from River_City_Rates.xlsx
RATE-000085,CON-0001,River City Communications,,,BM60(3)(1.25)DP,"Labor to install three (3) 1.25"" conduit bore or road crossing via the hydraulic bore rig method, pulling all pipes back at one time. Unit consists of digging entry and exit pits, tamping and backfilling.",FT,12,2026-01-01,,yes,,ACTIVE,Loaded from River_City_Rates.xlsx
RATE-000086,CON-0001,River City Communications,,,BM60(4)(1.25)DP,"Labor to install four (4) 1.25"" conduit bore or road crossing via the hydraulic bore rig method, pulling all pipes back at one time. Unit consists of digging entry and exit pits, tamping and backfilling.",FT,14,2026-01-01,,yes,,ACTIVE,Loaded from River_City_Rates.xlsx
RATE-000087,CON-0001,River City Communications,,,BM60(5)(1.25)DP,"Labor to install five (5) 1.25"" conduit bore or road crossing via the hydraulic bore rig method, pulling all pipes back at one time. Unit consists of digging entry and exit pits, tamping and backfilling.",FT,14,2026-01-01,,yes,,ACTIVE,Loaded from River_City_Rates.xlsx
RATE-000088,CON-0001,River City Communications,,,BM60-(2)DP,"Labor to install a 2"" conduit bore or road crossing via the hydraulic bore rig method. Unit consists of digging entry and exit pits, tamping and backfilling.",FT,10,2026-01-01,,yes,,ACTIVE,Loaded from River_City_Rates.xlsx
RATE-000089,CON-0001,River City Communications,,,BM60-(4)DP,"Labor to install a 4"" conduit bore or road crossing via the hydraulic bore rig method. Unit consists of digging entry and exit pits, tamping and backfilling.",FT,14.5,2026-01-01,,yes,,ACTIVE,Loaded from River_City_Rates.xlsx
RATE-000090,CON-0001,River City Communications,,,BM60-(2) DPD Dual,"Labor to install a second or more 2"" conduit bores or road crossings via the hydraulic bore rig method pulling multiple pipes back at one time. Unit consists of digging entry and exit pits, tamping and backfilling.",FT,9,2026-01-01,,yes,,ACTIVE,Loaded from River_City_Rates.xlsx
RATE-000091,CON-0001,River City Communications,,,BM60-(4) DPD Dual,"Labor to install a second or more 4"" conduit bores or road crossings via the hydraulic bore rig method pulling multiple pipes back at one time. Unit consists of digging entry and exit pits, tamping and backfilling.",FT,11.5,2026-01-01,,yes,,ACTIVE,Loaded from River_City_Rates.xlsx
RATE-000092,CON-0001,River City Communications,,,BM60(1.25)DP SDR Rail Road,"Labor to install a SDR 11 1.25"" conduit railroad bore via the hydraulic bore method.",FT,12,2026-01-01,,yes,,ACTIVE,Loaded from River_City_Rates.xlsx
RATE-000093,CON-0001,River City Communications,,,BM60(2)DP SDR Rail Road,"Labor to install a SDR 11 2"" conduit railroad bore via the hydraulic bore method.",FT,16,2026-01-01,,yes,,ACTIVE,Loaded from River_City_Rates.xlsx
RATE-000094,CON-0001,River City Communications,,,BM72,"Labor and material to remove and restore asphalt roadways. All work will be preformed to meet all federal, state, local standards which may include the use of any sub-base material such as concrete or crush and run.",SF,42,2026-01-01,,yes,,ACTIVE,Loaded from River_City_Rates.xlsx
RATE-000095,CON-0001,River City Communications,,,BM7,"Labor and material to remove and restore any concrete. All work will be preformed to meet all federal, state, local standards which may include the use of any sub-base material such crush and run.",SF,45,2026-01-01,,yes,,ACTIVE,Loaded from River_City_Rates.xlsx
RATE-000096,CON-0001,River City Communications,,,BMHD,"Labor to hand dig cables or conduit to proper depth greater than 18"" and up to 42"" where trench cannot be opened by backhoes, trenchers, ect due to existing facilities or room limitations.",FT,24,2026-01-01,,yes,,ACTIVE,Loaded from River_City_Rates.xlsx
RATE-000097,CON-0001,River City Communications,,,BM60-R,Rock adder to be added to BM60 for any si e conduit.,FT,15,2026-01-01,,yes,,ACTIVE,Loaded from River_City_Rates.xlsx
RATE-000098,CON-0001,River City Communications,,,BM71,"Rock adder to be added to the plow or open trench method where a rock is present. This adder will cover jack hammering or sawing rock to get the conduit a min of 18"" into the rock surface or under the rock surface.",FT,38,2026-01-01,,yes,,ACTIVE,Loaded from River_City_Rates.xlsx
RATE-000099,CON-0001,River City Communications,,,BM81,Labor to install 10' Riser Guard.,EA,45,2026-01-01,,yes,,ACTIVE,Loaded from River_City_Rates.xlsx
RATE-000100,CON-0001,River City Communications,,,BM90,Install Pull Rope/Install Tracer Wire in Conduit (Only billed when no fiber pulled),FT,1,2026-01-01,,yes,,ACTIVE,Loaded from River_City_Rates.xlsx
RATE-000101,CON-0001,River City Communications,,,HO-1 (1-24),This unit is labor for fusion splicing up to 24 fibers n one ocat on.,SPLICE,32,2026-01-01,,yes,,ACTIVE,Loaded from River_City_Rates.xlsx
RATE-000102,CON-0001,River City Communications,,,HO-1 (25-48),This unit is labor for fusion splicing up to 25 to 48 fibers n one ocat on.,SPLICE,28,2026-01-01,,yes,,ACTIVE,Loaded from River_City_Rates.xlsx
RATE-000103,CON-0001,River City Communications,,,HO-1 (49-72),This unit is labor for fusion splicing up to 49 to 72 fibers in one location.,SPLICE,22,2026-01-01,,yes,,ACTIVE,Loaded from River_City_Rates.xlsx
RATE-000104,CON-0001,River City Communications,,,HO-1 (73 -144),This unit is labor for fusion splicing up to 7 to 144 fibers in one location.,SPLICE,16,2026-01-01,,yes,,ACTIVE,Loaded from River_City_Rates.xlsx
RATE-000105,CON-0001,River City Communications,,,HO-1 (145 or above),This unit is labor for fusion splicing 145 and above fibers in one location.,SPLICE,15,2026-01-01,,yes,,ACTIVE,Loaded from River_City_Rates.xlsx
RATE-000106,CON-0001,River City Communications,,,HO-1T,Labor for fiber OTDR Testing. Testing can be using jumpers in panels or bare fiber testing in splice cases,EA,8,2026-01-01,,yes,,ACTIVE,Loaded from River_City_Rates.xlsx
RATE-000107,CON-0001,River City Communications,,,HO-1TB,Labor for fiber OTDR Bare Fiber Testing. Price includes entering place case or other storage and testing bare fiber.,EA,9,2026-01-01,,yes,,ACTIVE,Loaded from River_City_Rates.xlsx
RATE-000108,CON-0001,River City Communications,,,HAFOx,Labor to install Aerial Fiber Splice Closure and mount on to pole.,EA,450,2026-01-01,,yes,,ACTIVE,Loaded from River_City_Rates.xlsx
RATE-000109,CON-0001,River City Communications,,,HBFOx,Labor to install Buried Fiber Splice Closure and place or mount in Underground Enclosure.,EA,450,2026-01-01,,yes,,ACTIVE,Loaded from River_City_Rates.xlsx
RATE-000110,CON-0001,River City Communications,,,WHAFOx,"Labor and material to enter an existing splice case for the purpose of splicing more fibers that are not spliced, or splicing in a new cable to be added to the existing case.",EA,350,2026-01-01,,yes,,ACTIVE,Loaded from River_City_Rates.xlsx
RATE-000111,CON-0001,River City Communications,,,BMHR-SPLICE,"Emergency Fiber Splicer with Trailer, Tools and Test Equipment. After hours, weekend or holiday.",HR,165,2026-01-01,,yes,,ACTIVE,Loaded from River_City_Rates.xlsx
RATE-000112,CON-0001,River City Communications,,,(XZ}B007,"Labor unit to dig up, remove, and return to stock and undamaged above ground stake mounted fiber pedesta .",EA,250,2026-01-01,,yes,,ACTIVE,Loaded from River_City_Rates.xlsx
RATE-000113,CON-0001,River City Communications,,,(XZ}BHF-48T,"Labor unit to dig up, remove, and return to stock and undamaged 48"" traffic rated underground vault.",EA,250,2026-01-01,,yes,,ACTIVE,Loaded from River_City_Rates.xlsx
RATE-000114,CON-0001,River City Communications,,,(XZ)BHF-48,"Labor unit to dig up, remove, and return to stock an undamaged 48"" non-traffic rated in ground vault.",EA,250,2026-01-01,,yes,,ACTIVE,Loaded from River_City_Rates.xlsx
RATE-000115,CON-0001,River City Communications,,,(XZ)BHF- 0T,"Labor unit to dig up, remove, and return to stock an undamaged 0"" traffic rated in ground hand hole.",EA,250,2026-01-01,,yes,,ACTIVE,Loaded from River_City_Rates.xlsx
RATE-000116,CON-0001,River City Communications,,,(XZ)BHF- 0,"Labor unit to dig up, remove, and return to stock an undamaged 0"" non-traffic rated in ground hand hole.",EA,250,2026-01-01,,yes,,ACTIVE,Loaded from River_City_Rates.xlsx
RATE-000117,CON-0001,River City Communications,,,(XZ)BHF-10,"Labor unit to dig up, remove, and return to stock an undamaged 10"" fiber storage (flower pot).",EA,78,2026-01-01,,yes,,ACTIVE,Loaded from River_City_Rates.xlsx
RATE-000118,CON-0001,River City Communications,,,(XX)BDO7,"Labor unit to dig up, remove, and discard a damaged above ground stake mounted fiber pedestal.",EA,250,2026-01-01,,yes,,ACTIVE,Loaded from River_City_Rates.xlsx
RATE-000119,CON-0001,River City Communications,,,(XX)BHF-48T,"Labor unit to dig up, remove, and discard a damaged 48"" traffic rated in ground vault.",EA,250,2026-01-01,,yes,,ACTIVE,Loaded from River_City_Rates.xlsx
RATE-000120,CON-0001,River City Communications,,,(XX)BHF-48,"Labor unit to dig up, remove, and discard a damaged 48"" non-traffic rated in ground vault.",EA,250,2026-01-01,,yes,,ACTIVE,Loaded from River_City_Rates.xlsx
RATE-000121,CON-0001,River City Communications,,,(XX)BHF- 0T,"Labor unit to dig up, remove, and discard a damaged 0"" traffic rated in ground hand hole.",EA,250,2026-01-01,,yes,,ACTIVE,Loaded from River_City_Rates.xlsx
RATE-000122,CON-0001,River City Communications,,,(XX)BHF- 0,"Labor unit to dig up, remove, and discard a damaged 0"" non-traffic rated in ground hand hole.",EA,250,2026-01-01,,yes,,ACTIVE,Loaded from River_City_Rates.xlsx
RATE-000123,CON-0001,River City Communications,,,(XX)BHF-10,"Labor unit to dig up, remove, and discard a damaged 10"" fiber storage (flower pot).",EA,75,2026-01-01,,yes,,ACTIVE,Loaded from River_City_Rates.xlsx
RATE-000124,CON-0001,River City Communications,,,BMHR 1A,"Labor unit per hour for 1 Aerial Foreman, truck and tools to be compensated where other units do not apply.",HR,99.5,2026-01-01,,yes,,ACTIVE,Loaded from River_City_Rates.xlsx
RATE-000125,CON-0001,River City Communications,,,BMHR 2A,Labor unit per hour for 2 Man Aerial Fiber Crew to be compensated where other units do not apply.,HR,136.5,2026-01-01,,yes,,ACTIVE,Loaded from River_City_Rates.xlsx
RATE-000126,CON-0001,River City Communications,,,BMHR A,Labor unit per hour for Man Aerial Fiber Crew to be compensated where other units do not apply.,HR,172.5,2026-01-01,,yes,,ACTIVE,Loaded from River_City_Rates.xlsx
RATE-000127,CON-0001,River City Communications,,,BMHR 4A,Labor unit per hour for 4 Man Aerial Fiber Crew to be compensated where other units do not apply.,HR,232.5,2026-01-01,,yes,,ACTIVE,Loaded from River_City_Rates.xlsx
RATE-000128,CON-0001,River City Communications,,,BMHR 1B,"Labor unit per hour for 1 Buried Fiber Foreman, truck and tools, to be compensated where other units do not apply.",HR,92.5,2026-01-01,,yes,,ACTIVE,Loaded from River_City_Rates.xlsx
RATE-000129,CON-0001,River City Communications,,,BMHR 2B,Labor unit per hour for 2 Man Buried Fiber Crew to be compensated where other units do not apply.,HR,170,2026-01-01,,yes,,ACTIVE,Loaded from River_City_Rates.xlsx
RATE-000130,CON-0001,River City Communications,,,BMHR B,Labor unit per hour for Man Buried Fiber Crew to be compensated where other units do not apply.,HR,206,2026-01-01,,yes,,ACTIVE,Loaded from River_City_Rates.xlsx
RATE-000131,CON-0001,River City Communications,,,BMHR 4B,Labor unit per hour for 4 Man Buried Fiber Crew to be compensated where other units do not apply.,HR,248,2026-01-01,,yes,,ACTIVE,Loaded from River_City_Rates.xlsx
RATE-000132,CON-0001,River City Communications,,,BMHR ER1,"Emergency Call Out. After hours, weekend or holiday. Only applicable for emergency repair response. Flat fee for mobili ation of on-site response to emergency plant repair at any time of day or night.",EVENT,235,2026-01-01,,yes,,ACTIVE,Loaded from River_City_Rates.xlsx
RATE-000133,CON-0001,River City Communications,,,BMHR ER2,"Emergency Aerial Line/Bucket Truck with Two Person Crew. After hours, weekend or holiday.",HR,175,2026-01-01,,yes,,ACTIVE,Loaded from River_City_Rates.xlsx
RATE-000134,CON-0001,River City Communications,,,BMHR ER,"Emergency Heavy Equipment Operator with backhoe or excavator to make UG repairs. After hours, weekend or holiday.",HR,150,2026-01-01,,yes,,ACTIVE,Loaded from River_City_Rates.xlsx
RATE-000135,CON-0001,River City Communications,,,BMHR ER4,"Emergency Ground Hand, or General Laborer. After hours, weekend or holiday.",HR,56,2026-01-01,,yes,,ACTIVE,Loaded from River_City_Rates.xlsx
RATE-000136,CON-0001,River City Communications,,,BFO-DROP,"Labor to install underground conduit and pull drop(Plow or Trench). Min depth to be 12"" to 18"" to top of conduit.",FT,2.5499999999999998,2026-01-01,,yes,,ACTIVE,Loaded from River_City_Rates.xlsx
RATE-000137,CON-0001,River City Communications,,,BM60-DROP,"Labor to install underground conduit and pull drop(Missle Bore or Directional Bore). Min depth to be 12"" to 18"" to top of conduit.",FT,12.5,2026-01-01,,yes,,ACTIVE,Loaded from River_City_Rates.xlsx
RATE-000138,CON-0001,River City Communications,,,BMHD-DROP,"Labor to Hand Dig portion of underground conduit and pull drop. Min depth to be 12"" to 18"" to top of conduit.",FT,11,2026-01-01,,yes,,ACTIVE,Loaded from River_City_Rates.xlsx
RATE-000139,CON-0001,River City Communications,,,AFO.DROP,Install Aerial Drop Fiber.,FT,1.75,2026-01-01,,yes,,ACTIVE,Loaded from River_City_Rates.xlsx
RATE-000140,CON-0001,River City Communications,,,RISER,Install Fiber Optic Drop Riser Guard,EA,45,2026-01-01,,yes,,ACTIVE,Loaded from River_City_Rates.xlsx
RATE-000141,CON-0001,River City Communications,,,ONT,Install Demarcation Box on side of building or on Mobile Home Post.,EA,45,2026-01-01,,yes,,ACTIVE,Loaded from River_City_Rates.xlsx
RATE-000142,CON-0001,River City Communications,,,HO-1TL,Labor for fiber tests with light meter.,EA,9,2026-01-01,,yes,,ACTIVE,Loaded from River_City_Rates.xlsx
RATE-000143,CON-0001,River City Communications,,,BFO-DROP.IE,Labor to install Drop Fiber and Tracer Wire in existing conduit.,FT,1.75,2026-01-01,,yes,,ACTIVE,Loaded from River_City_Rates.xlsx
RATE-000144,CON-0001,River City Communications,,,BM60(1)(0.75)Drop,"Labor to place a second vacant /4"" conduit. Min depth to be 12"" to 18"".",FT,1.25,2026-01-01,,yes,,ACTIVE,Loaded from River_City_Rates.xlsx
RATE-000145,CON-0001,River City Communications,,,BDO7,PEDESTAL,EA,85,2026-01-01,,yes,,ACTIVE,Loaded from River_City_Rates.xlsx
RATE-000146,CON-0001,River City Communications,,,BM2,Ground Rod,EA,22,2026-01-01,,yes,,ACTIVE,Loaded from River_City_Rates.xlsx
