mapping_id,labor_code,material_code,material_description,material_unit,calculation_type,multiplier,waste_factor,source,effective_date,expiration_date,active,supersedes_mapping_id,status,confidence,notes
MAP-000001,AFO SL Strand,26411077,"1/4"" EHS STRAND 5000FT REEL",FT,PER_UNIT,1,,OBSERVED_CONSUMPTION,2026-01-01,,yes,,APPROVED,SINGLE SOURCE,"BASELINE: ratio rounds to a whole 1 per unit. Source label ""AFO.SL STRAND"" mapped to pay unit ""AFO SL Strand"". Observed in project A only (1). Multiplier is in consumption units; this SKU is a pack of 5000, so divide by 5000 to purchase."
MAP-000006,AFO.BOND,17651382,#4 SPLIT BOLT CONNECTOR,EA,PER_UNIT,1.0,,OBSERVED_CONSUMPTION,2026-01-01,,yes,,APPROVED,CONFIRMED,"Ratio independently observed in both projects: A=1, B=1"
MAP-000007,AFO.BOND,25370668,WEAVER CONNECTOR,EA,PER_UNIT,1.0,,OBSERVED_CONSUMPTION,2026-01-01,,yes,,APPROVED,CONFIRMED,"Ratio independently observed in both projects: A=1, B=1"
MAP-000008,AFO.BOND,72600601,"Wire, #6, Solid copper clad",FT,PER_UNIT,2.1739,,OBSERVED_CONSUMPTION,2026-01-01,,yes,,NEEDS REVIEW,SINGLE SOURCE,"Fractional ratio - this item is not driven by this unit's quantity. Find the true driver (pole count, span count, structure count) before approving. Observed in project A only (2.174). Project B placed AFO.BOND without it, so it is situational rather than always consumed."
MAP-000009,AFO.GAA,26411077,"1/4"" EHS STRAND 5000FT REEL",FT,PER_UNIT,30.0,,OBSERVED_CONSUMPTION,2026-01-01,,yes,,APPROVED,CONFIRMED,"Ratio independently observed in both projects: A=30, B=30 Multiplier is in consumption units; this SKU is a pack of 5000, so divide by 5000 to purchase."
MAP-000010,AFO.GAA,GDE1104,"Guy grips (Preform), 1/4"" / YELLOW",EA,PER_UNIT,2.0,,OBSERVED_CONSUMPTION,2026-01-01,,yes,,APPROVED,CONFIRMED,"Ratio independently observed in both projects: A=2, B=2"
MAP-000011,AFO.GAA,J-6526,"6"" HELIX SCREW ANCHOR",EA,PER_UNIT,1.0,,OBSERVED_CONSUMPTION,2026-01-01,,yes,,APPROVED,CONFIRMED,"Ratio independently observed in both projects: A=1, B=1"
MAP-000012,AFO.GAA,J25164,"Spring washer, Guy attach strap pig ears",EA,PER_UNIT,1.0,,OBSERVED_CONSUMPTION,2026-01-01,,yes,,APPROVED,CONFIRMED,"Ratio independently observed in both projects: A=1, B=1"
MAP-000013,AFO.GG,29300555,GUY GUARD,EA,PER_UNIT,1.0,,OBSERVED_CONSUMPTION,2026-01-01,,yes,,APPROVED,CONFIRMED,"Ratio independently observed in both projects: A=1, B=1"
MAP-000014,AFO.OLASH,99431488,.045 LASH WIRE 430-TYPE 1200FT COIL,FT,PER_UNIT,1,,OBSERVED_CONSUMPTION,2026-01-01,,yes,,APPROVED,SINGLE SOURCE,"BASELINE: ratio rounds to a whole 1 per unit. Observed in project A only (1). Multiplier is in consumption units; this SKU is a pack of 1200, so divide by 1200 to purchase."
MAP-000015,AFO.RTD,26653057,8 PORT HST 350 FT TONEABLE STUB,EA,PER_UNIT,0.0,,OBSERVED_CONSUMPTION,2026-01-01,,yes,,NEEDS REVIEW,SINGLE SOURCE,"Fractional ratio - this item is not driven by this unit's quantity. Find the true driver (pole count, span count, structure count) before approving. Source label ""RTD"" mapped to pay unit ""AFO.RTD"". Observed in project A only (3.526e-05)."
MAP-000016,AFO.RTD,26653058,8 PORT HST 500 FT TONEABLE STUB,EA,PER_UNIT,0.0,,OBSERVED_CONSUMPTION,2026-01-01,,yes,,NEEDS REVIEW,SINGLE SOURCE,"Fractional ratio - this item is not driven by this unit's quantity. Find the true driver (pole count, span count, structure count) before approving. Source label ""RTD"" mapped to pay unit ""AFO.RTD"". Observed in project A only (3.526e-05)."
MAP-000017,AFO.RTD,26653059,8 PORT HST 750 FT TONEABLE STUB,EA,PER_UNIT,0.0,,OBSERVED_CONSUMPTION,2026-01-01,,yes,,NEEDS REVIEW,SINGLE SOURCE,"Fractional ratio - this item is not driven by this unit's quantity. Find the true driver (pole count, span count, structure count) before approving. Source label ""RTD"" mapped to pay unit ""AFO.RTD"". Observed in project A only (3.526e-05)."
MAP-000018,AFO.RTD,26702594,4 PORT HST 150 FT TONEABLE STUB,EA,PER_UNIT,0.0006,,OBSERVED_CONSUMPTION,2026-01-01,,yes,,NEEDS REVIEW,SINGLE SOURCE,"Fractional ratio - this item is not driven by this unit's quantity. Find the true driver (pole count, span count, structure count) before approving. Source label ""RTD"" mapped to pay unit ""AFO.RTD"". Observed in project A only (0.0005994)."
MAP-000019,AFO.RTD,26702595,4 PORT HST 250 FT TONEABLE STUB,EA,PER_UNIT,0.0,,OBSERVED_CONSUMPTION,2026-01-01,,yes,,NEEDS REVIEW,SINGLE SOURCE,"Fractional ratio - this item is not driven by this unit's quantity. Find the true driver (pole count, span count, structure count) before approving. Source label ""RTD"" mapped to pay unit ""AFO.RTD"". Observed in project A only (3.526e-05)."
MAP-000020,AFO.RTD,26702598,4 PORT HST 750 FT TONEABLE STUB,EA,PER_UNIT,0.0002,,OBSERVED_CONSUMPTION,2026-01-01,,yes,,NEEDS REVIEW,SINGLE SOURCE,"Fractional ratio - this item is not driven by this unit's quantity. Find the true driver (pole count, span count, structure count) before approving. Source label ""RTD"" mapped to pay unit ""AFO.RTD"". Observed in project A only (0.0002468)."
MAP-000021,AFO.RTD,26702599,4 PORT HST 1000 FT TONEABLE STUB,EA,PER_UNIT,0.0002,,OBSERVED_CONSUMPTION,2026-01-01,,yes,,NEEDS REVIEW,SINGLE SOURCE,"Fractional ratio - this item is not driven by this unit's quantity. Find the true driver (pole count, span count, structure count) before approving. Source label ""RTD"" mapped to pay unit ""AFO.RTD"". Observed in project A only (0.0001763)."
MAP-000022,AFO.RTD,26702600,4 PORT HST 1500 FT TONEABLE STUB,EA,PER_UNIT,0.0001,,OBSERVED_CONSUMPTION,2026-01-01,,yes,,NEEDS REVIEW,SINGLE SOURCE,"Fractional ratio - this item is not driven by this unit's quantity. Find the true driver (pole count, span count, structure count) before approving. Source label ""RTD"" mapped to pay unit ""AFO.RTD"". Observed in project A only (0.000141)."
MAP-000023,AFO.RTD,26702601,6 PORT HST 150 FT TONEABLE STUB,EA,PER_UNIT,0.0007,,OBSERVED_CONSUMPTION,2026-01-01,,yes,,NEEDS REVIEW,SINGLE SOURCE,"Fractional ratio - this item is not driven by this unit's quantity. Find the true driver (pole count, span count, structure count) before approving. Source label ""RTD"" mapped to pay unit ""AFO.RTD"". Observed in project A only (0.0006699)."
MAP-000024,AFO.RTD,26702603,6 PORT HST 350 FT TONEABLE STUB,EA,PER_UNIT,0.0,,OBSERVED_CONSUMPTION,2026-01-01,,yes,,NEEDS REVIEW,SINGLE SOURCE,"Fractional ratio - this item is not driven by this unit's quantity. Find the true driver (pole count, span count, structure count) before approving. Source label ""RTD"" mapped to pay unit ""AFO.RTD"". Observed in project A only (3.526e-05)."
MAP-000025,AFO.RTD,26702604,6 PORT HST 500 FT TONEABLE STUB,EA,PER_UNIT,0.0001,,OBSERVED_CONSUMPTION,2026-01-01,,yes,,NEEDS REVIEW,SINGLE SOURCE,"Fractional ratio - this item is not driven by this unit's quantity. Find the true driver (pole count, span count, structure count) before approving. Source label ""RTD"" mapped to pay unit ""AFO.RTD"". Observed in project A only (0.0001058)."
MAP-000026,AFO.RTD,26702607,6 PORT HST 1500 FT TONEABLE STUB,EA,PER_UNIT,0.0,,OBSERVED_CONSUMPTION,2026-01-01,,yes,,NEEDS REVIEW,SINGLE SOURCE,"Fractional ratio - this item is not driven by this unit's quantity. Find the true driver (pole count, span count, structure count) before approving. Source label ""RTD"" mapped to pay unit ""AFO.RTD"". Observed in project A only (3.526e-05)."
MAP-000027,AFO.RTD,26712099,8 PORT HST 150 FT TONEABLE STUB,EA,PER_UNIT,0.0,,OBSERVED_CONSUMPTION,2026-01-01,,yes,,NEEDS REVIEW,SINGLE SOURCE,"Fractional ratio - this item is not driven by this unit's quantity. Find the true driver (pole count, span count, structure count) before approving. Source label ""RTD"" mapped to pay unit ""AFO.RTD"". Observed in project A only (3.526e-05)."
MAP-000028,AFO.SL,25370668,WEAVER CONNECTOR,EA,PER_UNIT,0.0031,,OBSERVED_CONSUMPTION,2026-01-01,,yes,,NEEDS REVIEW,SINGLE SOURCE,"Fractional ratio - this item is not driven by this unit's quantity. Find the true driver (pole count, span count, structure count) before approving. Observed in project B only (0.0031). Project A placed AFO.SL without it, so it is situational rather than always consumed."
MAP-000029,AFO.SL,25796500,"CLAMP,D LASHING WIRE,BUG NUTS,100pc/BOX",EA,PER_UNIT,0.0061,,OBSERVED_CONSUMPTION,2026-01-01,,yes,,APPROVED,CONFIRMED,"Ratio independently observed in both projects: A=0.00608, B=0.0062 Multiplier is in consumption units; this SKU is a pack of 100, so divide by 100 to purchase."
MAP-000030,AFO.SL,25803477,Cable Suspension Clamp Curved,EA,PER_UNIT,0.0001,,OBSERVED_CONSUMPTION,2026-01-01,,yes,,NEEDS REVIEW,SINGLE SOURCE,"Fractional ratio - this item is not driven by this unit's quantity. Find the true driver (pole count, span count, structure count) before approving. Observed in project A only (5.429e-05). Project B placed AFO.SL without it, so it is situational rather than always consumed."
MAP-000031,AFO.SL,26411077,"1/4"" EHS STRAND 5000FT REEL",FT,PER_UNIT,0.9262,,OBSERVED_CONSUMPTION,2026-01-01,,yes,,NEEDS REVIEW,CONFLICT,"Projects disagree: A=0.9262, B=1. Lower ratio carried pending a ruling. Multiplier is in consumption units; this SKU is a pack of 5000, so divide by 5000 to purchase."
MAP-000032,AFO.SL,26506941,PRYSMIAN-48ST SM ARMORED RIBBON,FT,PER_UNIT,0.3366,,OBSERVED_CONSUMPTION,2026-01-01,,yes,,NEEDS REVIEW,REEL-SOURCED,"Fiber cable SKU varies by project - it is a property of the reel, not of the pay unit. Take it from the linked Fiber Reel record. Observed ratio 0.3366. Observed in project A only (0.3366). Project B placed AFO.SL without it, so it is situational rather than always consumed."
MAP-000033,AFO.SL,26507674,144F ACCUROLL DRY CORE ALLWAVE RIBBON,FT,PER_UNIT,1.0,,OBSERVED_CONSUMPTION,2026-01-01,,yes,,NEEDS REVIEW,REEL-SOURCED,"Fiber cable SKU varies by project - it is a property of the reel, not of the pay unit. Take it from the linked Fiber Reel record. Observed ratio 1.0. Source label ""AFO SL 144FOC"" mapped to pay unit ""AFO.SL"". Observed in project B only (1). A REEL-SOURCED row for the same pair was folded in."
MAP-000034,AFO.SL,26507676,288F ACCUROLL DRY CORE ALLWAVE RIBBON,FT,PER_UNIT,0.0445,,OBSERVED_CONSUMPTION,2026-01-01,,yes,,NEEDS REVIEW,REEL-SOURCED,"Fiber cable SKU varies by project - it is a property of the reel, not of the pay unit. Take it from the linked Fiber Reel record. Observed ratio 0.0445. Observed in project A only (0.04447). Project B placed AFO.SL without it, so it is situational rather than always consumed."
MAP-000035,AFO.SL,26507678,72F ACCUROLL DRY CORE ALLWAVE RIBBON,FT,PER_UNIT,1.0,,OBSERVED_CONSUMPTION,2026-01-01,,yes,,NEEDS REVIEW,REEL-SOURCED,"Fiber cable SKU varies by project - it is a property of the reel, not of the pay unit. Take it from the linked Fiber Reel record. Observed ratio 1.0. Source label ""AFO SL 72FOC"" mapped to pay unit ""AFO.SL"". Observed in project B only (1)."
MAP-000036,AFO.SL,26530956,48F ACCUROLL DRY CORE ALLWAVE RIBBON,FT,PER_UNIT,1.0,,OBSERVED_CONSUMPTION,2026-01-01,,yes,,NEEDS REVIEW,REEL-SOURCED,"Fiber cable SKU varies by project - it is a property of the reel, not of the pay unit. Take it from the linked Fiber Reel record. Observed ratio 1.0. Source label ""AFO SL 48FOC"" mapped to pay unit ""AFO.SL"". Observed in project B only (1)."
MAP-000037,AFO.SL,26704285,4X4 RIVERTECH SNAP SIGN MARKER,EA,PER_UNIT,0.0025,,OBSERVED_CONSUMPTION,2026-01-01,,yes,,NEEDS REVIEW,CONFLICT,"Projects disagree: A=0.002497, B=0.0031. Lower ratio carried pending a ruling."
MAP-000038,AFO.SL,27010569,PRYSMIAN 96 RIBBON FIBER ARMORED,FT,PER_UNIT,0.1644,,OBSERVED_CONSUMPTION,2026-01-01,,yes,,NEEDS REVIEW,REEL-SOURCED,"Fiber cable SKU varies by project - it is a property of the reel, not of the pay unit. Take it from the linked Fiber Reel record. Observed ratio 0.1644. Observed in project A only (0.1644). Project B placed AFO.SL without it, so it is situational rather than always consumed."
MAP-000039,AFO.SL,42902163,"5/8"" Nut square",EA,PER_UNIT,0.0022,,OBSERVED_CONSUMPTION,2026-01-01,,yes,,NEEDS REVIEW,CONFLICT,"Projects disagree: A=0.002171, B=0.0062. Lower ratio carried pending a ruling."
MAP-000040,AFO.SL,48 CT PRYSMIAN,48 CT PRYSMIAN,FT,PER_UNIT,0.2142,,OBSERVED_CONSUMPTION,2026-01-01,,yes,,NEEDS REVIEW,REEL-SOURCED,"Fiber cable SKU varies by project - it is a property of the reel, not of the pay unit. Take it from the linked Fiber Reel record. Observed ratio 0.2142. Observed in project A only (0.2142). Project B placed AFO.SL without it, so it is situational rather than always consumed."
MAP-000041,AFO.SL,6380512,"Bolt, Machine 5/8"" X 12""",EA,PER_UNIT,0.0001,,OBSERVED_CONSUMPTION,2026-01-01,,yes,,NEEDS REVIEW,SINGLE SOURCE,"Fractional ratio - this item is not driven by this unit's quantity. Find the true driver (pole count, span count, structure count) before approving. Observed in project A only (5.429e-05). Project B placed AFO.SL without it, so it is situational rather than always consumed."
MAP-000042,AFO.SL,6380518,"Bolt, Machine 5/8"" X 18""",EA,PER_UNIT,0.0001,,OBSERVED_CONSUMPTION,2026-01-01,,yes,,NEEDS REVIEW,SINGLE SOURCE,"Fractional ratio - this item is not driven by this unit's quantity. Find the true driver (pole count, span count, structure count) before approving. Observed in project A only (5.429e-05). Project B placed AFO.SL without it, so it is situational rather than always consumed."
MAP-000043,AFO.SL,99431488,.045 LASH WIRE 430-TYPE 1200FT COIL,FT,PER_UNIT,1.0444,,OBSERVED_CONSUMPTION,2026-01-01,,yes,,NEEDS REVIEW,SINGLE SOURCE,"Fractional ratio - this item is not driven by this unit's quantity. Find the true driver (pole count, span count, structure count) before approving. Observed in project A only (1.044). Project B placed AFO.SL without it, so it is situational rather than always consumed. Multiplier is in consumption units; this SKU is a pack of 1200, so divide by 1200 to purchase."
MAP-000044,AFO.SL,CSS-50R,"Cable Straping, 50' Roll",FT,PER_UNIT,0.0006,,OBSERVED_CONSUMPTION,2026-01-01,,yes,,NEEDS REVIEW,SINGLE SOURCE,"Fractional ratio - this item is not driven by this unit's quantity. Find the true driver (pole count, span count, structure count) before approving. Observed in project A only (0.0005971). Project B placed AFO.SL without it, so it is situational rather than always consumed. Multiplier is in consumption units; this SKU is a pack of 50, so divide by 50 to purchase."
MAP-000045,AFO.SL,CSS-LH,LOCKING HEADS FOR CABLE STRAPS,EA,PER_UNIT,0.0034,,OBSERVED_CONSUMPTION,2026-01-01,,yes,,NEEDS REVIEW,SINGLE SOURCE,"Fractional ratio - this item is not driven by this unit's quantity. Find the true driver (pole count, span count, structure count) before approving. Observed in project A only (0.003366). Project B placed AFO.SL without it, so it is situational rather than always consumed."
MAP-000046,AFO.SL,F62002,"CABLE TIES 4"" BLACK ULTRA LIGHT",EA,PER_UNIT,0.0,,OBSERVED_CONSUMPTION,2026-01-01,,yes,,NEEDS REVIEW,SINGLE SOURCE,"Fractional ratio - this item is not driven by this unit's quantity. Find the true driver (pole count, span count, structure count) before approving. Observed in project A only (1.086e-05). Project B placed AFO.SL without it, so it is situational rather than always consumed."
MAP-000047,AFO.SL,FIBR288SMSALTOS,"288F SJSA, Prysmian Loose Tube",FT,PER_UNIT,1.0,,OBSERVED_CONSUMPTION,2026-01-01,,yes,,NEEDS REVIEW,REEL-SOURCED,"Fiber cable SKU varies by project - it is a property of the reel, not of the pay unit. Take it from the linked Fiber Reel record. Observed ratio 1.0. Source label ""AFO SL 288FOC"" mapped to pay unit ""AFO.SL"". Observed in project B only (1)."
MAP-000048,AFO.SL,GDE1104,"Guy grips (Preform), 1/4"" / YELLOW",EA,PER_UNIT,0.0012,,OBSERVED_CONSUMPTION,2026-01-01,,yes,,NEEDS REVIEW,SINGLE SOURCE,"Fractional ratio - this item is not driven by this unit's quantity. Find the true driver (pole count, span count, structure count) before approving. Observed in project A only (0.001238). Project B placed AFO.SL without it, so it is situational rather than always consumed."
MAP-000049,AFO.SL,J-1074,"Square washer 5/8""",EA,PER_UNIT,0.005,,OBSERVED_CONSUMPTION,2026-01-01,,yes,,NEEDS REVIEW,SINGLE SOURCE,"Fractional ratio - this item is not driven by this unit's quantity. Find the true driver (pole count, span count, structure count) before approving. Observed in project A only (0.004994). Project B placed AFO.SL without it, so it is situational rather than always consumed."
MAP-000050,AFO.SL,J-1096,Bolt-3 Straight suspension clamp,EA,PER_UNIT,0.0016,,OBSERVED_CONSUMPTION,2026-01-01,,yes,,NEEDS REVIEW,SINGLE SOURCE,"Fractional ratio - this item is not driven by this unit's quantity. Find the true driver (pole count, span count, structure count) before approving. Observed in project A only (0.001553). Project B placed AFO.SL without it, so it is situational rather than always consumed."
MAP-000051,AFO.SL,J-6510,"Thimble eye 5/8"" nut",EA,PER_UNIT,0.0006,,OBSERVED_CONSUMPTION,2026-01-01,,yes,,NEEDS REVIEW,SINGLE SOURCE,"Fractional ratio - this item is not driven by this unit's quantity. Find the true driver (pole count, span count, structure count) before approving. Observed in project A only (0.0006189). Project B placed AFO.SL without it, so it is situational rather than always consumed."
MAP-000052,AFO.SL,J-8051,"Bolt, Thimble eye 5/8"" X 10""",EA,PER_UNIT,0.0001,,OBSERVED_CONSUMPTION,2026-01-01,,yes,,NEEDS REVIEW,SINGLE SOURCE,"Fractional ratio - this item is not driven by this unit's quantity. Find the true driver (pole count, span count, structure count) before approving. Observed in project A only (0.0001086). Project B placed AFO.SL without it, so it is situational rather than always consumed."
MAP-000053,AFO.SL,J-8052,"Bolt, Thimble eye 5/8"" X 12""",EA,PER_UNIT,0.0007,,OBSERVED_CONSUMPTION,2026-01-01,,yes,,NEEDS REVIEW,SINGLE SOURCE,"Fractional ratio - this item is not driven by this unit's quantity. Find the true driver (pole count, span count, structure count) before approving. Observed in project A only (0.0006514). Project B placed AFO.SL without it, so it is situational rather than always consumed."
MAP-000054,AFO.SL,J-8053,"Bolt, Thimble eye 5/8"" X 14""",EA,PER_UNIT,0.0001,,OBSERVED_CONSUMPTION,2026-01-01,,yes,,NEEDS REVIEW,SINGLE SOURCE,"Fractional ratio - this item is not driven by this unit's quantity. Find the true driver (pole count, span count, structure count) before approving. Observed in project A only (5.429e-05). Project B placed AFO.SL without it, so it is situational rather than always consumed."
MAP-000055,AFO.SL,J-8810,"Bolt, Machine 5/8"" X 10""",EA,PER_UNIT,0.0001,,OBSERVED_CONSUMPTION,2026-01-01,,yes,,NEEDS REVIEW,SINGLE SOURCE,"Fractional ratio - this item is not driven by this unit's quantity. Find the true driver (pole count, span count, structure count) before approving. Observed in project A only (5.429e-05). Project B placed AFO.SL without it, so it is situational rather than always consumed."
MAP-000056,AFO.SL,J-8812,"Bolt, Machine 5/8"" X 12""",EA,PER_UNIT,0.0009,,OBSERVED_CONSUMPTION,2026-01-01,,yes,,NEEDS REVIEW,SINGLE SOURCE,"Fractional ratio - this item is not driven by this unit's quantity. Find the true driver (pole count, span count, structure count) before approving. Observed in project A only (0.0008686). Project B placed AFO.SL without it, so it is situational rather than always consumed."
MAP-000057,AFO.SL,J-8814,"Bolt, Machine 5/8"" X 14""",EA,PER_UNIT,0.0008,,OBSERVED_CONSUMPTION,2026-01-01,,yes,,NEEDS REVIEW,SINGLE SOURCE,"Fractional ratio - this item is not driven by this unit's quantity. Find the true driver (pole count, span count, structure count) before approving. Observed in project A only (0.0008143). Project B placed AFO.SL without it, so it is situational rather than always consumed."
MAP-000058,AFO.SL,J-9412,"Bolt, Eye 5/8"" X 12""",EA,PER_UNIT,0.0001,,OBSERVED_CONSUMPTION,2026-01-01,,yes,,NEEDS REVIEW,SINGLE SOURCE,"Fractional ratio - this item is not driven by this unit's quantity. Find the true driver (pole count, span count, structure count) before approving. Observed in project A only (5.429e-05). Project B placed AFO.SL without it, so it is situational rather than always consumed."
MAP-000059,AFO.SL,J-9414,"Bolt, Eye 5/8"" X 14""",EA,PER_UNIT,0.0001,,OBSERVED_CONSUMPTION,2026-01-01,,yes,,NEEDS REVIEW,SINGLE SOURCE,"Fractional ratio - this item is not driven by this unit's quantity. Find the true driver (pole count, span count, structure count) before approving. Observed in project A only (5.429e-05). Project B placed AFO.SL without it, so it is situational rather than always consumed."
MAP-000061,BDO-SC288,26702892,FIELDSMART FDH PON 288,EA,PER_UNIT,1,,OBSERVED_CONSUMPTION,2026-01-01,,yes,,APPROVED,SINGLE SOURCE,"BASELINE: ratio rounds to a whole 1 per unit. Source label ""BDO SC288"" mapped to pay unit ""BDO-SC288"". Observed in project A only (1)."
MAP-000062,BDO-SC432,26705386,FDH CAB 432F Max W/SCAPC 50 ft Feed tail,EA,PER_UNIT,1,,OBSERVED_CONSUMPTION,2026-01-01,,yes,,APPROVED,SINGLE SOURCE,"BASELINE: ratio rounds to a whole 1 per unit. Source label ""BDO-432"" mapped to pay unit ""BDO-SC432"". Observed in project A only (1)."
MAP-000063,BDO7,26583056,12X14X41 PEDESTAL VENT,EA,PER_UNIT,1,,OBSERVED_CONSUMPTION,2026-01-01,,yes,,APPROVED,SINGLE SOURCE,BASELINE: ratio rounds to a whole 1 per unit. Observed in project B only (1).
MAP-000064,BFO.144.I,26507674,144F ACCUROLL DRY CORE ALLWAVE RIBBON,FT,PER_UNIT,1.0,,OBSERVED_CONSUMPTION,2026-01-01,,yes,,NEEDS REVIEW,REEL-SOURCED,"Fiber cable SKU varies by project - it is a property of the reel, not of the pay unit. Take it from the linked Fiber Reel record. Observed ratio 1.0. Ratio independently observed in both projects: A=1, B=1"
MAP-000065,BFO.144.IE,144 CT PRYSMIAN,144 CT PRYSMIAN,FT,PER_UNIT,1.0,,OBSERVED_CONSUMPTION,2026-01-01,,yes,,NEEDS REVIEW,REEL-SOURCED,"Fiber cable SKU varies by project - it is a property of the reel, not of the pay unit. Take it from the linked Fiber Reel record. Observed ratio 1.0. Observed in project A only (1)."
MAP-000066,BFO.288.I,26507676,288F ACCUROLL DRY CORE ALLWAVE RIBBON,FT,PER_UNIT,1.0,,OBSERVED_CONSUMPTION,2026-01-01,,yes,,NEEDS REVIEW,REEL-SOURCED,"Fiber cable SKU varies by project - it is a property of the reel, not of the pay unit. Take it from the linked Fiber Reel record. Observed ratio 1.0. Observed in project A only (1). Project B placed BFO.288.I without it, so it is situational rather than always consumed."
MAP-000067,BFO.288.I,FIBR288SMSALTOS,"288F SJSA, Prysmian Loose Tube",FT,PER_UNIT,1.0,,OBSERVED_CONSUMPTION,2026-01-01,,yes,,NEEDS REVIEW,REEL-SOURCED,"Fiber cable SKU varies by project - it is a property of the reel, not of the pay unit. Take it from the linked Fiber Reel record. Observed ratio 1.0. Observed in project B only (1). Project A placed BFO.288.I without it, so it is situational rather than always consumed."
MAP-000068,BFO.48.I,26530956,48F ACCUROLL DRY CORE ALLWAVE RIBBON,FT,PER_UNIT,1.0,,OBSERVED_CONSUMPTION,2026-01-01,,yes,,NEEDS REVIEW,REEL-SOURCED,"Fiber cable SKU varies by project - it is a property of the reel, not of the pay unit. Take it from the linked Fiber Reel record. Observed ratio 1.0. Ratio independently observed in both projects: A=1, B=1"
MAP-000069,BFO.48.IE,48 PRYSMIAN,48ct PRYSMIAN / EDH1A1J-12-B1-048-E3,FT,PER_UNIT,1.0,,OBSERVED_CONSUMPTION,2026-01-01,,yes,,NEEDS REVIEW,REEL-SOURCED,"Fiber cable SKU varies by project - it is a property of the reel, not of the pay unit. Take it from the linked Fiber Reel record. Observed ratio 1.0. Observed in project A only (1)."
MAP-000070,BFO.72.I,26507678,72F ACCUROLL DRY CORE ALLWAVE RIBBON,FT,PER_UNIT,1.0,,OBSERVED_CONSUMPTION,2026-01-01,,yes,,NEEDS REVIEW,REEL-SOURCED,"Fiber cable SKU varies by project - it is a property of the reel, not of the pay unit. Take it from the linked Fiber Reel record. Observed ratio 1.0. Observed in project B only (1)."
MAP-000073,BHF-10,26711642,14X19X12 DROP VAULT W/ GREEN LID,EA,PER_UNIT,1.0,,OBSERVED_CONSUMPTION,2026-01-01,,yes,,NEEDS REVIEW,COMPETING SKU,"BHF-10 installs exactly one vault/handhole, but the source data names 2: 26711642 (14X19X12 DROP VAULT W/ GREEN LID), RM-OC-101512 (10X15X12 PEDESTRIAN DROP VAULT). Approving them all would order one of each. Pick the standard, or split the pay unit by structure size. Observed in project A only (1). Project B placed BHF-10 without it, so it is situational rather than always consumed."
MAP-000074,BHF-10,RM-OC-101512,10X15X12 PEDESTRIAN DROP VAULT,EA,PER_UNIT,1.0,,OBSERVED_CONSUMPTION,2026-01-01,,yes,,NEEDS REVIEW,COMPETING SKU,"BHF-10 installs exactly one vault/handhole, but the source data names 2: 26711642 (14X19X12 DROP VAULT W/ GREEN LID), RM-OC-101512 (10X15X12 PEDESTRIAN DROP VAULT). Approving them all would order one of each. Pick the standard, or split the pay unit by structure size. Observed in project B only (1). Project A placed BHF-10 without it, so it is situational rather than always consumed."
MAP-000075,BHF-17T,25871675,17X30X24 SHIELD VAULT (DO NOT ORDER),EA,PER_UNIT,1.0,,OBSERVED_CONSUMPTION,2026-01-01,,yes,,APPROVED,CONFIRMED,"Ratio independently observed in both projects: A=1, B=1"
MAP-000076,BHF-17T,26704285,4X4 RIVERTECH SNAP SIGN MARKER,EA,PER_UNIT,1,,OBSERVED_CONSUMPTION,2026-01-01,,yes,,APPROVED,SINGLE SOURCE,"BASELINE: ratio rounds to a whole 1 per unit. Observed in project A only (1). Project B placed BHF-17T without it, so it is situational rather than always consumed."
MAP-000077,BHF-30T,25871675,17X30X24 SHIELD VAULT (DO NOT ORDER),EA,PER_UNIT,1.0,,OBSERVED_CONSUMPTION,2026-01-01,,yes,,NEEDS REVIEW,COMPETING SKU,"BHF-30T installs exactly one vault/handhole, but the source data names 3: 25871675 (17X30X24 SHIELD VAULT (DO NOT ORDER)), RM-OC-173024T22 (17X30X24 T-22 DURALITE VAULT), RM-OC-243636T22 (24X36X36 T-22 DURALITE VAULT). Approving them all would order one of each. Pick the standard, or split the pay unit by structure size. Observed in project A only (1). Project B placed BHF-30T without it, so it is situational rather than always consumed."
MAP-000078,BHF-30T,26704285,4X4 RIVERTECH SNAP SIGN MARKER,EA,PER_UNIT,1,,OBSERVED_CONSUMPTION,2026-01-01,,yes,,APPROVED,SINGLE SOURCE,"BASELINE: ratio rounds to a whole 1 per unit. Observed in project A only (1). Project B placed BHF-30T without it, so it is situational rather than always consumed."
MAP-000079,BHF-30T,RM-OC-173024T22,17X30X24 T-22 DURALITE VAULT,EA,PER_UNIT,0.4545,,OBSERVED_CONSUMPTION,2026-01-01,,yes,,NEEDS REVIEW,COMPETING SKU,"BHF-30T installs exactly one vault/handhole, but the source data names 3: 25871675 (17X30X24 SHIELD VAULT (DO NOT ORDER)), RM-OC-173024T22 (17X30X24 T-22 DURALITE VAULT), RM-OC-243636T22 (24X36X36 T-22 DURALITE VAULT). Approving them all would order one of each. Pick the standard, or split the pay unit by structure size. Observed in project A only (0.4545). Project B placed BHF-30T without it, so it is situational rather than always consumed."
MAP-000080,BHF-30T,RM-OC-243636T22,24X36X36 T-22 DURALITE VAULT,EA,PER_UNIT,1.0,,OBSERVED_CONSUMPTION,2026-01-01,,yes,,NEEDS REVIEW,COMPETING SKU,"BHF-30T installs exactly one vault/handhole, but the source data names 3: 25871675 (17X30X24 SHIELD VAULT (DO NOT ORDER)), RM-OC-173024T22 (17X30X24 T-22 DURALITE VAULT), RM-OC-243636T22 (24X36X36 T-22 DURALITE VAULT). Approving them all would order one of each. Pick the standard, or split the pay unit by structure size. Observed in project B only (1). Project A placed BHF-30T without it, so it is situational rather than always consumed."
MAP-000081,BHF-48T,26703774,24X36 VAULT,EA,PER_UNIT,1.0,,OBSERVED_CONSUMPTION,2026-01-01,,yes,,NEEDS REVIEW,COMPETING SKU,"BHF-48T installs exactly one vault/handhole, but the source data names 2: 26703774 (24X36 VAULT), RM-OC-243636T22 (24X36X36 T-22 DURALITE VAULT). Approving them all would order one of each. Pick the standard, or split the pay unit by structure size. Observed in project A only (1)."
MAP-000082,BHF-48T,26704285,4X4 RIVERTECH SNAP SIGN MARKER,EA,PER_UNIT,1,,OBSERVED_CONSUMPTION,2026-01-01,,yes,,APPROVED,SINGLE SOURCE,BASELINE: ratio rounds to a whole 1 per unit. Observed in project A only (1).
MAP-000083,BHF-48T,RM-OC-243636T22,24X36X36 T-22 DURALITE VAULT,EA,PER_UNIT,0.2836,,OBSERVED_CONSUMPTION,2026-01-01,,yes,,NEEDS REVIEW,COMPETING SKU,"BHF-48T installs exactly one vault/handhole, but the source data names 2: 26703774 (24X36 VAULT), RM-OC-243636T22 (24X36X36 T-22 DURALITE VAULT). Approving them all would order one of each. Pick the standard, or split the pay unit by structure size. Observed in project A only (0.2836)."
MAP-000084,BHF-60T,26630575,36X60X36 SPLIT LID VAULT,EA,PER_UNIT,1,,OBSERVED_CONSUMPTION,2026-01-01,,yes,,APPROVED,SINGLE SOURCE,BASELINE: ratio rounds to a whole 1 per unit. Observed in project A only (1).
MAP-000085,BHF-60T,26704285,4X4 RIVERTECH SNAP SIGN MARKER,EA,PER_UNIT,1,,OBSERVED_CONSUMPTION,2026-01-01,,yes,,APPROVED,SINGLE SOURCE,BASELINE: ratio rounds to a whole 1 per unit. Observed in project A only (1).
MAP-000086,BM2,17310010,"Connector, Clamp-ground rod #G",EA,PER_UNIT,1.0,,OBSERVED_CONSUMPTION,2026-01-01,,yes,,APPROVED,CONFIRMED,"Ratio independently observed in both projects: A=1, B=1"
MAP-000087,BM2,53838508,GROUND ROD 8' (Copper),EA,PER_UNIT,1.0,,OBSERVED_CONSUMPTION,2026-01-01,,yes,,APPROVED,CONFIRMED,"Ratio independently observed in both projects: A=1, B=1"
MAP-000088,BM53,26704282,MARKER POST W/OUT LOCATOR,EA,PER_UNIT,1.0,,OBSERVED_CONSUMPTION,2026-01-01,,yes,,APPROVED,CONFIRMED,"Ratio independently observed in both projects: A=1, B=1"
MAP-000089,BM55A,26704283,TEST MARKER W/GROUND AND LOCATOR,EA,PER_UNIT,1,,OBSERVED_CONSUMPTION,2026-01-01,,yes,,APPROVED,SINGLE SOURCE,BASELINE: ratio rounds to a whole 1 per unit. Observed in project A only (1).
MAP-000092,BM60(1)(1.25),114-11-O-8000,"1-PULL 1.25"" CONDUIT, ORANGE 8000FT",FT,PER_UNIT,1,1.10,BUSINESS_RULE,2026-01-01,,yes,,APPROVED,RULING,"RULING 2026-09-17: bundled 1-PULL assembly, 1 FT per production FT. Multiplier is in consumption units; this SKU is a pack of 8000, so divide by 8000 to purchase."
MAP-000093,BM60(1)(1.25) P,114-11-O-8000,"1-PULL 1.25"" CONDUIT, ORANGE 8000FT",FT,PER_UNIT,1,1.10,BUSINESS_RULE,2026-01-01,,yes,,APPROVED,RULING,"RULING 2026-09-17: bundled 1-PULL assembly, 1 FT per production FT. A SINGLE SOURCE row for the same pair was folded in. Multiplier is in consumption units; this SKU is a pack of 8000, so divide by 8000 to purchase."
MAP-000094,BM60(1)(1.25) T,114-11-O-8000,"1-PULL 1.25"" CONDUIT, ORANGE 8000FT",FT,PER_UNIT,1,1.10,BUSINESS_RULE,2026-01-01,,yes,,APPROVED,RULING,"RULING 2026-09-17: bundled 1-PULL assembly, 1 FT per production FT. Multiplier is in consumption units; this SKU is a pack of 8000, so divide by 8000 to purchase."
MAP-000095,BM60(1)(1.25) TD,114-11-O-8000,"1-PULL 1.25"" CONDUIT, ORANGE 8000FT",FT,PER_UNIT,1,1.10,BUSINESS_RULE,2026-01-01,,yes,,APPROVED,RULING,"RULING 2026-09-17: bundled 1-PULL assembly, 1 FT per production FT. Multiplier is in consumption units; this SKU is a pack of 8000, so divide by 8000 to purchase."
MAP-000096,BM60(1)(1.25)DP,114-11-O-8000,"1-PULL 1.25"" CONDUIT, ORANGE 8000FT",FT,PER_UNIT,1,1.10,BUSINESS_RULE,2026-01-01,,yes,,APPROVED,RULING,"RULING 2026-09-17: bundled 1-PULL assembly, 1 FT per production FT. Multiplier is in consumption units; this SKU is a pack of 8000, so divide by 8000 to purchase."
MAP-000097,BM60(1)(4) P,#RM-4-11-O-750,"4"" SDR 11 ORANGE (750') CONDUIT",FT,PER_UNIT,1,1.10,BUSINESS_RULE,2026-01-01,,yes,,APPROVED,RULING,"RULING 2026-09-17: 4"" is always a single-duct pipe, so an 1-pull run consumes 1 FT per production FT. Multiplier is in consumption units; this SKU is a pack of 750, so divide by 750 to purchase."
MAP-000098,BM60(1)(4) T,#RM-4-11-O-750,"4"" SDR 11 ORANGE (750') CONDUIT",FT,PER_UNIT,1,1.10,BUSINESS_RULE,2026-01-01,,yes,,APPROVED,RULING,"RULING 2026-09-17: 4"" is always a single-duct pipe, so an 1-pull run consumes 1 FT per production FT. Multiplier is in consumption units; this SKU is a pack of 750, so divide by 750 to purchase."
MAP-000099,BM60(1)(4) TD,#RM-4-11-O-750,"4"" SDR 11 ORANGE (750') CONDUIT",FT,PER_UNIT,1,1.10,BUSINESS_RULE,2026-01-01,,yes,,APPROVED,RULING,"RULING 2026-09-17: 4"" is always a single-duct pipe, so an 1-pull run consumes 1 FT per production FT. Multiplier is in consumption units; this SKU is a pack of 750, so divide by 750 to purchase."
MAP-000100,BM60(1.25)DP SDR Rail Road,114-11-O-8000,"1-PULL 1.25"" CONDUIT, ORANGE 8000FT",FT,PER_UNIT,1,1.10,BUSINESS_RULE,2026-01-01,,yes,,APPROVED,RULING,"RULING 2026-09-17: bundled 1-PULL assembly, 1 FT per production FT. Multiplier is in consumption units; this SKU is a pack of 8000, so divide by 8000 to purchase."
MAP-000101,BM60(2)(1.25) P,114-11-2,"2-PULL 1.25"" CONDUIT, ORANGE 8000FT",FT,PER_UNIT,1,1.10,BUSINESS_RULE,2026-01-01,,yes,,APPROVED,RULING,"RULING 2026-09-17: bundled 2-PULL assembly, 1 FT per production FT. Multiplier is in consumption units; this SKU is a pack of 8000, so divide by 8000 to purchase."
MAP-000102,BM60(2)(1.25) T,114-11-2,"2-PULL 1.25"" CONDUIT, ORANGE 8000FT",FT,PER_UNIT,1,1.10,BUSINESS_RULE,2026-01-01,,yes,,APPROVED,RULING,"RULING 2026-09-17: bundled 2-PULL assembly, 1 FT per production FT. Multiplier is in consumption units; this SKU is a pack of 8000, so divide by 8000 to purchase."
MAP-000103,BM60(2)(1.25) TD,114-11-2,"2-PULL 1.25"" CONDUIT, ORANGE 8000FT",FT,PER_UNIT,1,1.10,BUSINESS_RULE,2026-01-01,,yes,,APPROVED,RULING,"RULING 2026-09-17: bundled 2-PULL assembly, 1 FT per production FT. Multiplier is in consumption units; this SKU is a pack of 8000, so divide by 8000 to purchase."
MAP-000104,BM60(2)(1.25)DP,114-11-2,"2-PULL 1.25"" CONDUIT, ORANGE 8000FT",FT,PER_UNIT,1,1.10,BUSINESS_RULE,2026-01-01,,yes,,APPROVED,RULING,"RULING 2026-09-17: bundled 2-PULL assembly, 1 FT per production FT. Multiplier is in consumption units; this SKU is a pack of 8000, so divide by 8000 to purchase."
MAP-000105,BM60(2)(4) T,#RM-4-11-O-750,"4"" SDR 11 ORANGE (750') CONDUIT",FT,PER_UNIT,2,1.10,BUSINESS_RULE,2026-01-01,,yes,,APPROVED,RULING,"RULING 2026-09-17: 4"" is always a single-duct pipe, so an 2-pull run consumes 2 FT per production FT. Multiplier is in consumption units; this SKU is a pack of 750, so divide by 750 to purchase."
MAP-000106,BM60(2)(4) TD,#RM-4-11-O-750,"4"" SDR 11 ORANGE (750') CONDUIT",FT,PER_UNIT,2,1.10,BUSINESS_RULE,2026-01-01,,yes,,APPROVED,RULING,"RULING 2026-09-17: 4"" is always a single-duct pipe, so an 2-pull run consumes 2 FT per production FT. Multiplier is in consumption units; this SKU is a pack of 750, so divide by 750 to purchase."
MAP-000107,BM60(3)(1.25) P,114-11-3-OGB-T-,"3-PULL 1.25"" CONDUIT, OGB 7500FT",FT,PER_UNIT,1,1.10,BUSINESS_RULE,2026-01-01,,yes,,APPROVED,RULING,"RULING 2026-09-17: bundled 3-PULL assembly, 1 FT per production FT. Multiplier is in consumption units; this SKU is a pack of 7500, so divide by 7500 to purchase."
MAP-000108,BM60(3)(1.25) T,114-11-3-OGB-T-,"3-PULL 1.25"" CONDUIT, OGB 7500FT",FT,PER_UNIT,1,1.10,BUSINESS_RULE,2026-01-01,,yes,,APPROVED,RULING,"RULING 2026-09-17: bundled 3-PULL assembly, 1 FT per production FT. Multiplier is in consumption units; this SKU is a pack of 7500, so divide by 7500 to purchase."
MAP-000109,BM60(3)(1.25) TD,114-11-3-OGB-T-,"3-PULL 1.25"" CONDUIT, OGB 7500FT",FT,PER_UNIT,1,1.10,BUSINESS_RULE,2026-01-01,,yes,,APPROVED,RULING,"RULING 2026-09-17: bundled 3-PULL assembly, 1 FT per production FT. Multiplier is in consumption units; this SKU is a pack of 7500, so divide by 7500 to purchase."
MAP-000110,BM60(3)(1.25)DP,114-11-3-OGB-T-,"3-PULL 1.25"" CONDUIT, OGB 7500FT",FT,PER_UNIT,1,1.10,BUSINESS_RULE,2026-01-01,,yes,,APPROVED,RULING,"RULING 2026-09-17: bundled 3-PULL assembly, 1 FT per production FT. Multiplier is in consumption units; this SKU is a pack of 7500, so divide by 7500 to purchase."
MAP-000111,BM60(3)(4) T,#RM-4-11-O-750,"4"" SDR 11 ORANGE (750') CONDUIT",FT,PER_UNIT,3,1.10,BUSINESS_RULE,2026-01-01,,yes,,APPROVED,RULING,"RULING 2026-09-17: 4"" is always a single-duct pipe, so an 3-pull run consumes 3 FT per production FT. Multiplier is in consumption units; this SKU is a pack of 750, so divide by 750 to purchase."
MAP-000112,BM60(3)(4) TD,#RM-4-11-O-750,"4"" SDR 11 ORANGE (750') CONDUIT",FT,PER_UNIT,3,1.10,BUSINESS_RULE,2026-01-01,,yes,,APPROVED,RULING,"RULING 2026-09-17: 4"" is always a single-duct pipe, so an 3-pull run consumes 3 FT per production FT. Multiplier is in consumption units; this SKU is a pack of 750, so divide by 750 to purchase."
MAP-000113,BM60-(1.25)MB,114-11-O-8000,"1-PULL 1.25"" CONDUIT, ORANGE 8000FT",FT,PER_UNIT,1,1.10,BUSINESS_RULE,2026-01-01,,yes,,APPROVED,RULING,"RULING 2026-09-17: bundled 1-PULL assembly, 1 FT per production FT. Multiplier is in consumption units; this SKU is a pack of 8000, so divide by 8000 to purchase."
MAP-000114,BM60-(4) DPD Dual,#RM-4-11-O-750,"4"" SDR 11 ORANGE (750') CONDUIT",FT,PER_UNIT,1,1.10,BUSINESS_RULE,2026-01-01,,yes,,APPROVED,RULING,"RULING 2026-09-17: 4"" is always a single-duct pipe, so an 1-pull run consumes 1 FT per production FT. Multiplier is in consumption units; this SKU is a pack of 750, so divide by 750 to purchase."
MAP-000115,BM60-(4)DP,#RM-4-11-O-750,"4"" SDR 11 ORANGE (750') CONDUIT",FT,PER_UNIT,1,1.10,BUSINESS_RULE,2026-01-01,,yes,,APPROVED,RULING,"RULING 2026-09-17: 4"" is always a single-duct pipe, so an 1-pull run consumes 1 FT per production FT. A SINGLE SOURCE row for the same pair was folded in. Multiplier is in consumption units; this SKU is a pack of 750, so divide by 750 to purchase."
MAP-000116,BM60-(4)MB,#RM-4-11-O-750,"4"" SDR 11 ORANGE (750') CONDUIT",FT,PER_UNIT,1,1.10,BUSINESS_RULE,2026-01-01,,yes,,APPROVED,RULING,"RULING 2026-09-17: 4"" is always a single-duct pipe, so an 1-pull run consumes 1 FT per production FT. Multiplier is in consumption units; this SKU is a pack of 750, so divide by 750 to purchase."
MAP-000117,BM81,55504222,"1""/4"" X 2.5"" LAG SCREW W/CUSHION",EA,PER_UNIT,0.9091,,OBSERVED_CONSUMPTION,2026-01-01,,yes,,NEEDS REVIEW,CONFLICT,"Projects disagree: A=10, B=0.9091. Lower ratio carried pending a ruling."
MAP-000118,BM81,75083400,"Pole bands 3/4"" X 100'",FT,PER_UNIT,3,,OBSERVED_CONSUMPTION,2026-01-01,,yes,,APPROVED,SINGLE SOURCE,"BASELINE: ratio rounds to a whole 3 per unit. Observed in project A only (3). Project B placed BM81 without it, so it is situational rather than always consumed. Multiplier is in consumption units; this SKU is a pack of 100, so divide by 100 to purchase."
MAP-000119,BM81,750850800,"Pole band bolts retainer, Extrusion 3/8""",EA,PER_UNIT,1,,OBSERVED_CONSUMPTION,2026-01-01,,yes,,APPROVED,SINGLE SOURCE,"BASELINE: ratio rounds to a whole 1 per unit. Observed in project A only (1). Project B placed BM81 without it, so it is situational rather than always consumed."
MAP-000120,BM81,PGU210,"Plastic 2"", Riser Guard, 10'",EA,PER_UNIT,1.0,,OBSERVED_CONSUMPTION,2026-01-01,,yes,,APPROVED,CONFIRMED,"Ratio independently observed in both projects: A=1, B=1"
MAP-000121,BM90,1-400874,TONE TAPE W/ TRACER 3000FT,FT,PER_UNIT,1.0,,OBSERVED_CONSUMPTION,2026-01-01,,yes,,APPROVED,CONFIRMED,"Ratio independently observed in both projects: A=1, B=1 Multiplier is in consumption units; this SKU is a pack of 3000, so divide by 3000 to purchase."
MAP-000122,HAFOx,25196866,9.5 in X 28 Coyote Dome,EA,PER_UNIT,0.1304,,OBSERVED_CONSUMPTION,2026-01-01,,yes,,NEEDS REVIEW,SINGLE SOURCE,"Fractional ratio - this item is not driven by this unit's quantity. Find the true driver (pole count, span count, structure count) before approving. Source label ""HAFOx-33"" mapped to pay unit ""HAFOx"". Observed in project A only (0.1304)."
MAP-000123,HAFOx,26715578,COYOTE 1 dome,EA,PER_UNIT,1,,OBSERVED_CONSUMPTION,2026-01-01,,yes,,APPROVED,SINGLE SOURCE,"BASELINE: ratio rounds to a whole 1 per unit. Source label ""HAFOx-33"" mapped to pay unit ""HAFOx"". Observed in project A only (1)."
MAP-000124,HAFOx,26715579,COYOTE 9.5 x 19,EA,PER_UNIT,0.2174,,OBSERVED_CONSUMPTION,2026-01-01,,yes,,NEEDS REVIEW,SINGLE SOURCE,"Fractional ratio - this item is not driven by this unit's quantity. Find the true driver (pole count, span count, structure count) before approving. Source label ""HAFOx-33"" mapped to pay unit ""HAFOx"". Observed in project A only (0.2174)."
MAP-000125,HAFOx,26715580,COYOTE 6.5 x 17,EA,PER_UNIT,0.2174,,OBSERVED_CONSUMPTION,2026-01-01,,yes,,NEEDS REVIEW,SINGLE SOURCE,"Fractional ratio - this item is not driven by this unit's quantity. Find the true driver (pole count, span count, structure count) before approving. Source label ""HAFOx-33"" mapped to pay unit ""HAFOx"". Observed in project A only (0.2174)."
MAP-000126,HBFOx,25196866,9.5 in X 28 Coyote Dome,EA,PER_UNIT,1.4286,,OBSERVED_CONSUMPTION,2026-01-01,,yes,,NEEDS REVIEW,SINGLE SOURCE,"Fractional ratio - this item is not driven by this unit's quantity. Find the true driver (pole count, span count, structure count) before approving. Source label ""HBFOx-59"" mapped to pay unit ""HBFOx"". Observed in project A only (1.429)."
MAP-000127,HBFOx,26715578,COYOTE 1 dome,EA,PER_UNIT,1,,OBSERVED_CONSUMPTION,2026-01-01,,yes,,APPROVED,SINGLE SOURCE,"BASELINE: ratio rounds to a whole 1 per unit. Source label ""HBFOx-59"" mapped to pay unit ""HBFOx"". Observed in project A only (1)."
MAP-000128,HBFOx,26715579,COYOTE 9.5 x 19,EA,PER_UNIT,0.7143,,OBSERVED_CONSUMPTION,2026-01-01,,yes,,NEEDS REVIEW,SINGLE SOURCE,"Fractional ratio - this item is not driven by this unit's quantity. Find the true driver (pole count, span count, structure count) before approving. Source label ""HBFOx-59"" mapped to pay unit ""HBFOx"". Observed in project A only (0.7143)."
MAP-000129,HBFOx,26715580,COYOTE 6.5 x 17,EA,PER_UNIT,0.25,,OBSERVED_CONSUMPTION,2026-01-01,,yes,,NEEDS REVIEW,SINGLE SOURCE,"Fractional ratio - this item is not driven by this unit's quantity. Find the true driver (pole count, span count, structure count) before approving. Source label ""HBFOx-59"" mapped to pay unit ""HBFOx"". Observed in project A only (0.25)."
MAP-000130,HBFOx,LGSBS8-50,"SPLICE BLOCK KIT, YELLOW 50PK",EA,PER_UNIT,1.5,,OBSERVED_CONSUMPTION,2026-01-01,,yes,,NEEDS REVIEW,SINGLE SOURCE,"Fractional ratio - this item is not driven by this unit's quantity. Find the true driver (pole count, span count, structure count) before approving. Source label ""HBFOx-59"" mapped to pay unit ""HBFOx"". Observed in project A only (1.5). Multiplier is in consumption units; this SKU is a pack of 50, so divide by 50 to purchase."
MAP-000131,HO-1 (1-24),SPS40,Heat shrink sleeve 40mm,EA,PER_UNIT,1,,OBSERVED_CONSUMPTION,2026-01-01,,yes,,APPROVED,SINGLE SOURCE,BASELINE: ratio rounds to a whole 1 per unit. Observed in project A only (1).
MAP-000132,HO-1 (145 or above),SPS40,Heat shrink sleeve 40mm,EA,PER_UNIT,1,,OBSERVED_CONSUMPTION,2026-01-01,,yes,,APPROVED,SINGLE SOURCE,BASELINE: ratio rounds to a whole 1 per unit. Observed in project A only (1).
MAP-000133,HO-1 (25-48),SPS40,Heat shrink sleeve 40mm,EA,PER_UNIT,1,,OBSERVED_CONSUMPTION,2026-01-01,,yes,,APPROVED,SINGLE SOURCE,BASELINE: ratio rounds to a whole 1 per unit. Observed in project A only (1).
MAP-000134,HO-1 (73 -144),SPS40,Heat shrink sleeve 40mm,EA,PER_UNIT,1,,OBSERVED_CONSUMPTION,2026-01-01,,yes,,APPROVED,SINGLE SOURCE,"BASELINE: ratio rounds to a whole 1 per unit. Source label ""HO-1 (73-144)"" mapped to pay unit ""HO-1 (73 -144)"". Observed in project A only (1)."
