material_code,description,category,unit,pack_size,manufacturer,part_number,conduit_diameter,pull_count,standard_cost,active,notes
#RM-4-11-O-750,"4"" SDR 11 ORANGE (750') CONDUIT",Conduit,FT,750,,#RM-4-11-O-750,4,1,,yes,
000-00372,E7-2 FIELD INSTALL PACKAGE (CO & ODC/RT),Splitter-MST,EA,,,000-00372,,,,yes,
00061102,"PVC, Plastic stick pipe, 2""",Conduit,FT,,,00061102,,,,yes,
00061103,"PVC, Plastic stick pipe, 3""",Conduit,FT,,,00061103,,,,yes,
06380516,"Bolt, Machine 5/8"" X 16""",Aerial Hardware,EA,,,06380516,,,,yes,
068765,"2"", 90 Degree long PVC",Conduit,EA,,,068765,,,,yes,
068767,"3"", 90 Degree long PVC",Conduit,EA,,,068767,,,,yes,
078067,"3"" Conduit coupling long",Conduit,FT,,,078067,,,,yes,
1-400874,TONE TAPE W/ TRACER 3000FT,Marker,FT,3000,,1-400874,,,,yes,
100-05729,OIM 10G PON XGS,Splitter-MST,EA,,,100-05729,,,,yes,
100-05770,E7-2 XG1601 XGS-PON,Splitter-MST,EA,,,100-05770,,,,yes,
114-11-2,"2-PULL 1.25"" CONDUIT, ORANGE 8000FT",Conduit,FT,8000,,114-11-2,1.25,2,,yes,
114-11-3-OGB-T-,"3-PULL 1.25"" CONDUIT, OGB 7500FT",Conduit,FT,7500,,114-11-3-OGB-T-,1.25,3,,yes,
114-11-O-8000,"1-PULL 1.25"" CONDUIT, ORANGE 8000FT",Conduit,FT,8000,,114-11-O-8000,1.25,1,,yes,
114-201-SSB-100,"Pole bands 1"" 1/4""",Aerial Hardware,FT,,,114-201-SSB-100,,,,yes,
144 CT PRYSMIAN,144 CT PRYSMIAN,Fiber Cable,FT,,,144 CT PRYSMIAN,,,,yes,
1700C-BLUE,1700C-BLUE 3M 3/4X66' CODING TAPE 06485,Marker,FT,66,,1700C-BLUE,,,,yes,
1700C-GREEN,1700C-Green 3M 3/4X66' Coding tape 06553,Marker,FT,66,,1700C-GREEN,,,,yes,
1700C-ORG,1700C-Orange 3/4X66' Coding tape 06522,Marker,FT,66,,1700C-ORG,,,,yes,
17310010,"Connector, Clamp-ground rod #G",Grounding,EA,,,17310010,,,,yes,
17651382,#4 SPLIT BOLT CONNECTOR,Aerial Hardware,EA,,,17651382,,,,yes,
20005096,Coupler 1.25,Conduit,EA,,,20005096,,,,yes,
25090921,CAT 6 wire outside plant cable 1000ft,Fiber Cable,FT,1000,,25090921,,,,yes,
25196866,9.5 in X 28 Coyote Dome,Splice,EA,,,25196866,,,,yes,
25228286,COYOTE RIB LITE GRIP TRAY (LONG),Splice,EA,,,25228286,,,,yes,
25370668,WEAVER CONNECTOR,Grounding,EA,,,25370668,,,,yes,
25429574,SPLICE TRAY,Splice,EA,,,25429574,,,,yes,
25633573,POLE MOUNT BRACKET FOR 9 1/2 DOME,Aerial Hardware,EA,,,25633573,,,,yes,
25643572,SPLITTER 1X32,Splitter-MST,EA,,,25643572,,,,yes,
25796500,"CLAMP,D LASHING WIRE,BUG NUTS,100pc/BOX",Miscellaneous,EA,100,,25796500,,,,yes,
25803477,Cable Suspension Clamp Curved,Aerial Hardware,EA,,,25803477,,,,yes,
25856182,1.25 BANDING BOLT/CLAMP,Aerial Hardware,EA,,,25856182,,,,yes,
25871675,17X30X24 SHIELD VAULT (DO NOT ORDER),Vault-Handhole,EA,,,25871675,,,,yes,
26411077,"1/4"" EHS STRAND 5000FT REEL",Aerial Hardware,FT,5000,,26411077,,,,yes,
26458812,30X48X36 VAULT W/METAL LID (0081235),Vault-Handhole,EA,,,26458812,,,,yes,
26471585,PROTECTION SLEEVE ROLLABLE RIBBON 25PK,Fiber Cable,EA,25,,26471585,,,,yes,
26506941,PRYSMIAN-48ST SM ARMORED RIBBON,Fiber Cable,FT,,,26506941,,,,yes,
26507674,144F ACCUROLL DRY CORE ALLWAVE RIBBON,Fiber Cable,FT,,,26507674,,,,yes,
26507676,288F ACCUROLL DRY CORE ALLWAVE RIBBON,Fiber Cable,FT,,,26507676,,,,yes,
26507678,72F ACCUROLL DRY CORE ALLWAVE RIBBON,Fiber Cable,FT,,,26507678,,,,yes,
26530956,48F ACCUROLL DRY CORE ALLWAVE RIBBON,Fiber Cable,FT,,,26530956,,,,yes,
26583056,12X14X41 PEDESTAL VENT,Pedestal-Cabinet,EA,,,26583056,,,,yes,
26595,unknown,Miscellaneous,EA,,,26595,,,,yes,
26630575,36X60X36 SPLIT LID VAULT,Vault-Handhole,EA,,,26630575,,,,yes,
26647257,FIBERFLEX3000/1700 POUR-IN-PLACE TEMPLAT,Splice,EA,,,26647257,,,,yes,
26653057,8 PORT HST 350 FT TONEABLE STUB,Splitter-MST,EA,,,26653057,,,,yes,
26653058,8 PORT HST 500 FT TONEABLE STUB,Splitter-MST,EA,,,26653058,,,,yes,
26653059,8 PORT HST 750 FT TONEABLE STUB,Splitter-MST,EA,,,26653059,,,,yes,
26702594,4 PORT HST 150 FT TONEABLE STUB,Splitter-MST,EA,,,26702594,,,,yes,
26702595,4 PORT HST 250 FT TONEABLE STUB,Splitter-MST,EA,,,26702595,,,,yes,
26702596,4 PORT HST 350 FT TONEABLE STUB,Splitter-MST,EA,,,26702596,,,,yes,
26702597,4 PORT HST 500 FT TONEABLE STUB,Splitter-MST,EA,,,26702597,,,,yes,
26702598,4 PORT HST 750 FT TONEABLE STUB,Splitter-MST,EA,,,26702598,,,,yes,
26702599,4 PORT HST 1000 FT TONEABLE STUB,Splitter-MST,EA,,,26702599,,,,yes,
26702600,4 PORT HST 1500 FT TONEABLE STUB,Splitter-MST,EA,,,26702600,,,,yes,
26702601,6 PORT HST 150 FT TONEABLE STUB,Splitter-MST,EA,,,26702601,,,,yes,
26702602,6 PORT HST 250 FT TONEABLE STUB,Splitter-MST,EA,,,26702602,,,,yes,
26702603,6 PORT HST 350 FT TONEABLE STUB,Splitter-MST,EA,,,26702603,,,,yes,
26702604,6 PORT HST 500 FT TONEABLE STUB,Splitter-MST,EA,,,26702604,,,,yes,
26702605,6 PORT HST 750 FT TONEABLE STUB,Splitter-MST,EA,,,26702605,,,,yes,
26702606,6 PORT HST 1000 FT TONEABLE STUB,Splitter-MST,EA,,,26702606,,,,yes,
26702607,6 PORT HST 1500 FT TONEABLE STUB,Splitter-MST,EA,,,26702607,,,,yes,
26702608,8 PORT HST 150 FT TONEABLE STUB,Splitter-MST,EA,,,26702608,,,,yes,
26702609,8 PORT HST 250 FT TONEABLE STUB,Splitter-MST,EA,,,26702609,,,,yes,
26702610,8 PORT HST 1500 FT TONEABLE STUB,Splitter-MST,EA,,,26702610,,,,yes,
26702892,FIELDSMART FDH PON 288,Pedestal-Cabinet,EA,,,26702892,,,,yes,
26702933,"MICKEY MOUSE MOUNTING BOLT, HEAVY DUTY",Aerial Hardware,EA,,,26702933,,,,yes,
26702934,1-1/4 STAINLESS STEEL BANDING,Aerial Hardware,EA,,,26702934,,,,yes,
26703212,30X48X36 SPLIT LID VAULT,Vault-Handhole,EA,,,26703212,,,,yes,
26703774,24X36 VAULT,Vault-Handhole,EA,,,26703774,,,,yes,
26704282,MARKER POST W/OUT LOCATOR,Marker,EA,,,26704282,,,,yes,
26704283,TEST MARKER W/GROUND AND LOCATOR,Marker,EA,,,26704283,,,,yes,
26704285,4X4 RIVERTECH SNAP SIGN MARKER,Marker,EA,,,26704285,,,,yes,
26705386,FDH CAB 432F Max W/SCAPC 50 ft Feed tail,Pedestal-Cabinet,EA,,,26705386,,,,yes,
26711642,14X19X12 DROP VAULT W/ GREEN LID,Vault-Handhole,EA,,,26711642,,,,yes,
26712097,4 PORT HST 1250 FT TONEABLE STUB,Splitter-MST,EA,,,26712097,,,,yes,
26712099,8 PORT HST 150 FT TONEABLE STUB,Splitter-MST,EA,,,26712099,,,,yes,
26715578,COYOTE 1 dome,Splice,EA,,,26715578,,,,yes,
26715579,COYOTE 9.5 x 19,Splice,EA,,,26715579,,,,yes,
26715580,COYOTE 6.5 x 17,Splice,EA,,,26715580,,,,yes,
27010569,PRYSMIAN 96 RIBBON FIBER ARMORED,Fiber Cable,FT,,,27010569,,,,yes,
27010571,PRYSMIAN 144 RIBBON FIBER ARMORED,Fiber Cable,FT,,,27010571,,,,yes,
29300555,GUY GUARD,Aerial Hardware,EA,,,29300555,,,,yes,
31120,"Tape, Super +33",Marker,EA,,,31120,,,,yes,
42902163,"5/8"" Nut square",Aerial Hardware,EA,,,42902163,,,,yes,
48 CT PRYSMIAN,48 CT PRYSMIAN,Fiber Cable,FT,,,48 CT PRYSMIAN,,,,yes,
48 PRYSMIAN,48ct PRYSMIAN / EDH1A1J-12-B1-048-E3,Fiber Cable,FT,,,48 PRYSMIAN,,,,yes,
53838508,GROUND ROD 8' (Copper),Grounding,EA,,,53838508,,,,yes,
55002043,DRIVE HOOK (J3316P),Aerial Hardware,EA,,,55002043,,,,yes,
55504222,"1""/4"" X 2.5"" LAG SCREW W/CUSHION",Aerial Hardware,EA,,,55504222,,,,yes,
6380512,"Bolt, Machine 5/8"" X 12""",Aerial Hardware,EA,,,6380512,,,,yes,
6380518,"Bolt, Machine 5/8"" X 18""",Aerial Hardware,EA,,,6380518,,,,yes,
72600601,"Wire, #6, Solid copper clad",Grounding,FT,,,72600601,,,,yes,
75083400,"Pole bands 3/4"" X 100'",Aerial Hardware,FT,100,,75083400,,,,yes,
750850800,"Pole band bolts retainer, Extrusion 3/8""",Aerial Hardware,EA,,,750850800,,,,yes,
834773,"1000PK 8"" BLK CABLE TIES",Aerial Hardware,EA,1000,,834773,,,,yes,
88197123,SUPPORT TIE BULK,Aerial Hardware,EA,,,88197123,,,,yes,
90072562,"1/4"" STRAND SPLICE",Aerial Hardware,FT,,,90072562,,,,yes,
97136163,MORAY SHIELD CONN,Grounding,EA,,,97136163,,,,yes,
99431488,.045 LASH WIRE 430-TYPE 1200FT COIL,Aerial Hardware,FT,1200,,99431488,,,,yes,
B1413P,CAUTION TAPE-FIBER OPTIC BURIED BELOW,Marker,FT,,,B1413P,,,,yes,
CSS-50R,"Cable Straping, 50' Roll",Aerial Hardware,FT,50,,CSS-50R,,,,yes,
CSS-LH,LOCKING HEADS FOR CABLE STRAPS,Aerial Hardware,EA,,,CSS-LH,,,,yes,
D6105O51,(6 x 1000 foot orange) DITCH TAPE,Marker,FT,,,D6105O51,,,,yes,
DL-1250-3,PULL TAPE 3000FT,Marker,FT,3000,,DL-1250-3,,,,yes,
F62002,"CABLE TIES 4"" BLACK ULTRA LIGHT",Aerial Hardware,EA,,,F62002,,,,yes,
FD20-144U43-E99,SUPERIOR ESSEX 144,Fiber Cable,FT,,,FD20-144U43-E99,,,,yes,
FIBR288SMSALTOS,"288F SJSA, Prysmian Loose Tube",Fiber Cable,FT,,,FIBR288SMSALTOS,,,,yes,
GDE1104,"Guy grips (Preform), 1/4"" / YELLOW",Aerial Hardware,EA,,,GDE1104,,,,yes,
HE01SMAL57SA-XX,Test Cable OPTI TAP,Splitter-MST,EA,,,HE01SMAL57SA-XX,,,,yes,
J-1074,"Square washer 5/8""",Aerial Hardware,EA,,,J-1074,,,,yes,
J-1096,Bolt-3 Straight suspension clamp,Aerial Hardware,EA,,,J-1096,,,,yes,
J-6510,"Thimble eye 5/8"" nut",Aerial Hardware,EA,,,J-6510,,,,yes,
J-6526,"6"" HELIX SCREW ANCHOR",Aerial Hardware,EA,,,J-6526,,,,yes,
J-7901A,Bolt-3 Curved suspension clamp,Aerial Hardware,EA,,,J-7901A,,,,yes,
J-8051,"Bolt, Thimble eye 5/8"" X 10""",Aerial Hardware,EA,,,J-8051,,,,yes,
J-8052,"Bolt, Thimble eye 5/8"" X 12""",Aerial Hardware,EA,,,J-8052,,,,yes,
J-8053,"Bolt, Thimble eye 5/8"" X 14""",Aerial Hardware,EA,,,J-8053,,,,yes,
J-8810,"Bolt, Machine 5/8"" X 10""",Aerial Hardware,EA,,,J-8810,,,,yes,
J-8812,"Bolt, Machine 5/8"" X 12""",Aerial Hardware,EA,,,J-8812,,,,yes,
J-8814,"Bolt, Machine 5/8"" X 14""",Aerial Hardware,EA,,,J-8814,,,,yes,
J-9412,"Bolt, Eye 5/8"" X 12""",Aerial Hardware,EA,,,J-9412,,,,yes,
J-9414,"Bolt, Eye 5/8"" X 14""",Aerial Hardware,EA,,,J-9414,,,,yes,
J25164,"Spring washer, Guy attach strap pig ears",Aerial Hardware,EA,,,J25164,,,,yes,
LGSBS8-50,"SPLICE BLOCK KIT, YELLOW 50PK",Splice,EA,50,,LGSBS8-50,,,,yes,
MXE86383GR500,"MAXCELL 4"" 3 CELL",Conduit,FT,,,MXE86383GR500,,,,yes,
PEAD26V,"U-Guard adapter 2""-5"" Boot",Aerial Hardware,EA,,,PEAD26V,,,,yes,
PGU210,"Plastic 2"", Riser Guard, 10'",Aerial Hardware,EA,,,PGU210,,,,yes,
R-GB4-576-C1M-,576 FIELDSMART FDH PON SPLITTER CABINET,Pedestal-Cabinet,EA,,,R-GB4-576-C1M-,,,,yes,
RM-OC-101512,10X15X12 PEDESTRIAN DROP VAULT,Vault-Handhole,EA,,,RM-OC-101512,,,,yes,
RM-OC-173024T22,17X30X24 T-22 DURALITE VAULT,Vault-Handhole,EA,,,RM-OC-173024T22,,,,yes,
RM-OC-243636T22,24X36X36 T-22 DURALITE VAULT,Vault-Handhole,EA,,,RM-OC-243636T22,,,,yes,
RM-OC-304836T22,30X48X36 T-22 DURALITE VAULT,Vault-Handhole,EA,,,RM-OC-304836T22,,,,yes,
SPS40,Heat shrink sleeve 40mm,Splice,EA,,,SPS40,,,,yes,
WCUTHHN10SOLGN,#10 Ground Wire,Grounding,FT,,,WCUTHHN10SOLGN,,,,yes,
